10, 23, 0.6041630506515503, 23
100, 10, 0.7725632786750793, 10
1000, 28, 0.2569756507873535, 28
1001, 18, 0.4336182475090027, 18
1004, 6, 0.7570948600769043, 6
1005, 17, 0.7839642763137817, 17
1006, 2, 0.7215973734855652, 2
1007, 14, 0.6164289712905884, 14
1009, 22, 0.33872154355049133, 22
1012, 9, 0.9978446960449219, 9
1013, 19, 0.3729571998119354, 19
1014, 27, 0.9999955892562866, 27
1017, 16, 0.9731389880180359, 16
1019, 23, 0.7022112607955933, 23
1020, 13, 0.3525308668613434, 13
1021, 29, 0.8926870822906494, 29
1024, 7, 0.5282570123672485, 7
1025, 18, 0.8680527806282043, 18
1027, 3, 0.92106693983078, 3
1029, 26, 0.5891723036766052, 26
103, 15, 0.9359275102615356, 15
1030, 14, 0.9457932114601135, 14
1033, 22, 0.9578393697738647, 22
1034, 29, 0.9963014125823975, 29
1035, 5, 0.9887730479240417, 5
1037, 13, 0.8579580187797546, 13
1039, 3, 0.8336472511291504, 3
104, 19, 0.9773162007331848, 19
1044, 23, 0.6660702228546143, 23
1046, 28, 0.23947106301784515, 28
1048, 25, 0.6054681539535522, 25
1049, 23, 0.9589479565620422, 23
1050, 7, 0.988585889339447, 7
1056, 21, 0.9989895224571228, 21
1058, 8, 0.8574349880218506, 8
1059, 1, 0.3907412886619568, 1
106, 22, 0.9753539562225342, 22
1060, 29, 0.6626242399215698, 29
1062, 25, 0.3282747268676758, 25
1063, 12, 0.3406502902507782, 12
1064, 8, 0.21420808136463165, 8
1070, 27, 0.9999840259552002, 27
1073, 7, 0.45125916600227356, 7
1074, 18, 0.347096711397171, 18
1075, 29, 0.3410421311855316, 29
1077, 21, 0.9205548763275146, 21
1078, 4, 0.7390428185462952, 4
1079, 18, 0.8513104319572449, 18
1080, 29, 0.48476937413215637, 29
1084, 24, 0.7399153113365173, 24
1085, 8, 0.46490782499313354, 8
1086, 15, 0.5800313353538513, 15
1087, 6, 0.9808219075202942, 6
1088, 20, 0.6349427700042725, 20
1091, 12, 0.23642785847187042, 12
1092, 25, 0.9326919317245483, 25
1093, 8, 0.3727234899997711, 8
1095, 7, 0.3231585919857025, 7
1096, 1, 0.9814432859420776, 1
1097, 25, 0.5707761645317078, 25
1100, 2, 0.4345400035381317, 2
1102, 24, 0.8410975933074951, 24
1104, 14, 0.9283393621444702, 14
1105, 25, 0.9167678952217102, 25
1106, 2, 0.9976257681846619, 2
1112, 1, 0.7582535743713379, 1
1113, 7, 0.9111970663070679, 7
1115, 11, 0.729793906211853, 11
1116, 29, 0.9009389877319336, 29
1119, 17, 0.9372919201850891, 17
1121, 16, 0.8542541265487671, 16
1122, 16, 0.39170408248901367, 16
1128, 22, 0.47487375140190125, 22
1129, 21, 0.4528435468673706, 21
113, 9, 0.9726862907409668, 9
1131, 22, 0.9981641173362732, 22
1136, 28, 0.6624580025672913, 28
1138, 11, 0.9993133544921875, 11
1139, 5, 0.6483962535858154, 5
114, 9, 0.4184243679046631, 9
1141, 20, 0.716652512550354, 20
1142, 26, 0.9998067021369934, 26
1145, 22, 0.4376066029071808, 22
1146, 3, 0.3386485278606415, 3
1147, 12, 0.9432089328765869, 12
1151, 17, 0.6575876474380493, 17
1152, 20, 0.9955578446388245, 20
1154, 7, 0.3602234125137329, 7
1158, 19, 0.5286134481430054, 19
1159, 22, 0.5832834243774414, 22
1163, 23, 0.6546726226806641, 23
1166, 24, 0.9615976810455322, 24
1168, 8, 0.9348720908164978, 8
1169, 14, 0.984674334526062, 14
117, 15, 0.7932134866714478, 15
1173, 17, 0.9692326784133911, 17
1178, 1, 0.5543504357337952, 1
118, 24, 0.7601500153541565, 24
1180, 20, 0.7022516131401062, 20
1183, 27, 0.7565765380859375, 27
1185, 2, 0.9999330043792725, 2
1186, 5, 0.6601660847663879, 5
1187, 24, 0.2696559429168701, 24
1189, 7, 0.9111976027488708, 7
119, 29, 0.9999274015426636, 29
1190, 1, 0.988814651966095, 1
1191, 20, 0.565521240234375, 20
1194, 20, 0.5022099018096924, 20
1196, 13, 0.9869110584259033, 13
1197, 29, 0.9901362061500549, 29
1199, 7, 0.9016802310943604, 7
12, 5, 0.4844668209552765, 5
1201, 29, 0.8491129875183105, 29
1202, 13, 0.9573166966438293, 13
1204, 2, 0.5934229493141174, 2
1209, 16, 0.6333593726158142, 16
121, 21, 0.3078722655773163, 21
1210, 8, 0.5082217454910278, 8
1213, 6, 0.8590164184570312, 6
1214, 29, 0.9596389532089233, 29
1217, 5, 0.43332335352897644, 5
1220, 17, 0.9536405205726624, 17
1221, 2, 0.5708872079849243, 2
1222, 29, 0.8459440469741821, 29
1225, 29, 0.9739236831665039, 29
1226, 14, 0.876089334487915, 14
1229, 5, 0.31695255637168884, 5
123, 2, 0.4946894943714142, 2
1230, 20, 0.38899946212768555, 20
1231, 27, 0.44045165181159973, 27
1232, 25, 0.6109609603881836, 25
1236, 25, 0.4915039539337158, 25
1238, 27, 0.9999990463256836, 27
124, 22, 0.4498070478439331, 22
1240, 20, 0.4543760418891907, 20
1241, 23, 0.5104734301567078, 23
1244, 9, 0.6274832487106323, 9
1245, 11, 0.6949167847633362, 11
1248, 25, 0.855451762676239, 25
1249, 8, 0.8081291317939758, 8
1250, 25, 0.9430858492851257, 25
1251, 23, 0.47000741958618164, 23
1253, 10, 0.7323231101036072, 10
1254, 14, 0.7940978407859802, 14
1256, 13, 0.9985153079032898, 13
1257, 22, 0.9974979758262634, 22
1259, 17, 0.9768548011779785, 17
126, 14, 0.9553110003471375, 14
1261, 29, 0.6360512971878052, 29
1262, 19, 0.8033468723297119, 19
1267, 2, 0.9972326159477234, 2
1268, 22, 0.7647122144699097, 22
127, 17, 0.35222843289375305, 17
1270, 19, 0.9999961853027344, 19
1271, 27, 0.699723482131958, 27
1274, 21, 0.44453713297843933, 21
1275, 1, 0.30289947986602783, 1
1277, 25, 0.7142642736434937, 25
128, 29, 0.9889867305755615, 29
1284, 19, 0.6903243064880371, 19
1285, 29, 0.9881246089935303, 29
1287, 24, 0.9969782829284668, 24
1288, 12, 0.5284687876701355, 12
129, 23, 0.9162949919700623, 23
1291, 13, 0.9945725798606873, 13
1294, 29, 0.8294467329978943, 29
1299, 27, 0.9761421084403992, 27
1301, 14, 0.9999077320098877, 14
1303, 29, 0.9888191819190979, 29
1309, 11, 0.9234372973442078, 11
131, 10, 0.5144830942153931, 10
1310, 12, 0.5429101586341858, 12
1313, 13, 0.9998804330825806, 13
1314, 6, 0.6036253571510315, 6
1316, 21, 0.4274229109287262, 21
1317, 7, 0.7233390808105469, 7
1319, 14, 0.8590484261512756, 14
132, 29, 0.9829267859458923, 29
1320, 19, 0.6692783832550049, 19
1321, 26, 0.8661627769470215, 26
1327, 8, 0.5089552402496338, 8
133, 27, 0.9549258351325989, 27
1331, 11, 0.6271529197692871, 11
1337, 3, 0.9295123219490051, 3
1339, 28, 0.7493460178375244, 28
1340, 14, 0.8532131910324097, 14
1342, 21, 0.40353018045425415, 21
1343, 27, 0.993328332901001, 27
1344, 20, 0.9641437530517578, 20
1349, 22, 0.32476887106895447, 22
1350, 8, 0.9882281422615051, 8
1351, 17, 0.3633035719394684, 17
1355, 1, 0.8130629658699036, 1
1356, 26, 0.9996474981307983, 26
1358, 7, 0.3762897253036499, 7
1363, 24, 0.6649690866470337, 24
1366, 28, 0.5132104158401489, 28
1367, 22, 0.9446218013763428, 22
1369, 10, 0.8234543800354004, 10
137, 23, 0.5888537764549255, 23
1371, 19, 0.48496824502944946, 19
1372, 11, 0.7810532450675964, 11
1373, 11, 0.9022558331489563, 11
1375, 16, 0.8716633319854736, 16
1378, 5, 0.35834529995918274, 5
1379, 19, 0.9607731103897095, 19
1380, 16, 0.6362378597259521, 16
1381, 2, 0.2616561949253082, 2
1382, 20, 0.9433034658432007, 20
1384, 9, 0.7099815011024475, 9
1386, 10, 0.9537413120269775, 10
1388, 3, 0.5445147156715393, 3
1389, 21, 0.47016921639442444, 21
1391, 21, 0.9156403541564941, 21
1392, 11, 0.4042830169200897, 11
1393, 24, 0.9727881550788879, 24
1396, 20, 0.720166027545929, 20
1397, 23, 0.9653739333152771, 23
1398, 21, 0.7281625270843506, 21
14, 14, 0.48871132731437683, 14
1400, 26, 0.9813113808631897, 26
1401, 14, 0.9850739240646362, 14
1403, 13, 0.7931907773017883, 13
1404, 29, 0.943402111530304, 29
1407, 1, 0.8082135915756226, 1
1408, 13, 0.9996564388275146, 13
141, 20, 0.9996774196624756, 20
1411, 11, 0.6073303818702698, 11
1416, 19, 0.646582841873169, 19
1417, 22, 0.6708446145057678, 22
142, 24, 0.841608464717865, 24
1420, 7, 0.9359398484230042, 7
1422, 16, 0.6021180152893066, 16
1423, 4, 0.6785191297531128, 4
1424, 21, 0.3612194061279297, 21
1425, 27, 0.9406752586364746, 27
1428, 2, 0.9518947005271912, 2
143, 28, 0.49195459485054016, 28
1432, 8, 0.33159005641937256, 8
1434, 5, 0.9640625715255737, 5
1435, 29, 0.9384027123451233, 29
1436, 29, 0.7632368206977844, 29
1439, 21, 0.5451353192329407, 21
1443, 17, 0.7772477269172668, 17
1444, 19, 0.9676796793937683, 19
1445, 14, 0.608005166053772, 14
1449, 18, 0.7071496248245239, 18
145, 12, 0.9105362296104431, 12
1451, 16, 0.6702755689620972, 16
1453, 26, 0.9999061822891235, 26
1454, 25, 0.5138592720031738, 25
1455, 22, 0.5883301496505737, 22
1457, 2, 0.998124897480011, 2
1459, 19, 0.4041203558444977, 19
1461, 6, 0.6097416877746582, 6
1462, 26, 0.9392343163490295, 26
1465, 24, 0.2861217260360718, 24
1466, 5, 0.48950648307800293, 5
1467, 17, 0.9887531995773315, 17
1469, 12, 0.6293796300888062, 12
147, 23, 0.7139335870742798, 23
1472, 6, 0.47414711117744446, 6
1475, 17, 0.37622472643852234, 17
1476, 14, 0.9034122228622437, 14
1477, 29, 0.9913856983184814, 29
1480, 2, 0.6425246000289917, 2
1481, 23, 0.9987248778343201, 23
1482, 24, 0.99795001745224, 24
1484, 21, 0.8706411123275757, 21
1485, 25, 0.741379976272583, 25
1488, 25, 0.9987218976020813, 25
1490, 2, 0.844500720500946, 2
1491, 29, 0.9334648251533508, 29
1492, 6, 0.4532071053981781, 6
1493, 1, 0.456418514251709, 1
1495, 5, 0.49049028754234314, 5
1499, 22, 0.8886097073554993, 22
1501, 7, 0.7046369314193726, 7
1503, 23, 0.6029845476150513, 23
1504, 17, 0.8077666163444519, 17
1506, 7, 0.8181753754615784, 7
151, 29, 0.5079720616340637, 29
1511, 19, 0.9935047626495361, 19
1512, 28, 0.33269184827804565, 28
1514, 29, 0.7163540720939636, 29
1515, 25, 0.302351713180542, 25
1516, 6, 0.4735601842403412, 6
1521, 13, 0.9999589920043945, 13
1526, 25, 0.9781685471534729, 25
1527, 16, 0.8696653842926025, 16
1528, 2, 0.5104411840438843, 2
1529, 9, 0.9462262392044067, 9
1531, 14, 0.41438472270965576, 14
1533, 12, 0.8462895154953003, 12
1535, 9, 0.9922623634338379, 9
1536, 26, 0.22125014662742615, 26
1537, 29, 0.9432446956634521, 29
1538, 8, 0.3742121160030365, 8
1539, 23, 0.9705647826194763, 23
1542, 16, 0.5818297266960144, 16
1543, 24, 0.9930019974708557, 24
1544, 20, 0.8056448698043823, 20
1546, 19, 0.5657320022583008, 19
1548, 9, 0.8527617454528809, 9
1550, 20, 0.6001719832420349, 20
1558, 24, 0.9761745929718018, 24
156, 13, 0.9994470477104187, 13
1560, 2, 0.38961365818977356, 2
1561, 27, 1.0, 27
1562, 26, 0.9999520778656006, 26
1563, 23, 0.9999686479568481, 23
1564, 7, 0.5904655456542969, 7
1569, 26, 0.9085451364517212, 26
157, 11, 0.7942189574241638, 11
1571, 1, 0.8224474787712097, 1
1572, 6, 0.9938591122627258, 6
1573, 19, 0.5820167660713196, 19
1574, 2, 0.9973602890968323, 2
1575, 6, 0.7403457164764404, 6
1579, 25, 0.968206524848938, 25
158, 17, 0.9610723853111267, 17
1580, 8, 0.3116588592529297, 8
1582, 8, 0.817998468875885, 8
1583, 14, 0.5019816756248474, 14
1585, 7, 0.8380439877510071, 7
1586, 28, 0.33709365129470825, 28
159, 21, 0.630495548248291, 21
1590, 1, 0.9605397582054138, 1
1591, 1, 0.3675852119922638, 1
1592, 25, 0.733551025390625, 25
1593, 3, 0.9979111552238464, 3
1594, 22, 0.682861328125, 22
1596, 23, 0.4203737676143646, 23
1598, 11, 0.9758569598197937, 11
16, 13, 0.98015296459198, 13
160, 29, 0.7253174781799316, 29
1600, 14, 0.9746549129486084, 14
1601, 25, 0.9559659361839294, 25
1602, 2, 0.7929292917251587, 2
1603, 12, 0.9831468462944031, 12
1604, 27, 0.9999994039535522, 27
1606, 29, 0.9904634356498718, 29
1609, 26, 0.9816375374794006, 26
161, 9, 0.7899536490440369, 9
1610, 23, 0.9135201573371887, 23
1611, 29, 0.8852266669273376, 29
1612, 2, 0.8836115002632141, 2
1613, 10, 0.900886058807373, 10
1614, 12, 0.5587430000305176, 12
1615, 18, 0.3404011130332947, 18
1619, 14, 1.0, 14
162, 11, 0.8101552128791809, 11
1620, 25, 0.45116618275642395, 25
1621, 19, 0.9633529782295227, 19
1622, 24, 0.5506781935691833, 24
1623, 24, 0.9910978674888611, 24
1626, 21, 0.702174961566925, 21
1627, 25, 0.9908231496810913, 25
1628, 29, 0.9315324425697327, 29
163, 12, 0.5361935496330261, 12
1633, 16, 0.6519481539726257, 16
1634, 24, 0.9648445844650269, 24
1635, 24, 0.7811493873596191, 24
1638, 14, 0.3423551917076111, 14
1639, 27, 0.9995059967041016, 27
164, 13, 0.9995419979095459, 13
1641, 2, 0.9859305620193481, 2
1642, 6, 0.5370898246765137, 6
1643, 12, 0.5152221918106079, 12
1644, 12, 0.9999889135360718, 12
1645, 26, 0.47162148356437683, 26
1647, 28, 0.4568341076374054, 28
165, 29, 0.8613230586051941, 29
1657, 3, 0.884752094745636, 3
1659, 19, 0.9827389121055603, 19
1660, 13, 0.537266194820404, 13
1661, 27, 0.5335667729377747, 27
1662, 10, 0.8074982166290283, 10
1664, 14, 0.3979968726634979, 14
1665, 29, 0.3143140971660614, 29
1666, 1, 0.6350653767585754, 1
1667, 19, 0.9037625193595886, 19
1668, 19, 0.620928943157196, 19
1669, 11, 0.984765887260437, 11
167, 7, 0.6191831231117249, 7
1672, 10, 0.8495409488677979, 10
1675, 5, 0.9872984290122986, 5
1677, 11, 0.9473504424095154, 11
1678, 11, 0.8938212394714355, 11
1679, 16, 0.998832643032074, 16
168, 4, 0.6252625584602356, 4
1681, 22, 0.48702412843704224, 22
1685, 12, 0.6745509505271912, 12
1687, 20, 0.999618411064148, 20
1688, 29, 0.9994820952415466, 29
1689, 24, 0.9920761585235596, 24
1691, 11, 0.6450479626655579, 11
1694, 14, 0.40467920899391174, 14
1696, 13, 0.7546949982643127, 13
1698, 12, 0.383896142244339, 12
1699, 3, 0.489427775144577, 3
170, 27, 1.0, 27
1700, 1, 0.7322528958320618, 1
1701, 28, 0.6300745010375977, 28
1702, 23, 0.9792166352272034, 23
1703, 22, 0.4052382707595825, 22
1704, 22, 0.9979919195175171, 22
1705, 22, 0.9874314069747925, 22
1706, 19, 0.9986892342567444, 19
1707, 18, 0.40937620401382446, 18
1708, 29, 0.825560986995697, 29
1712, 2, 0.582966148853302, 2
1716, 14, 0.4849027395248413, 14
1718, 17, 0.7249422669410706, 17
1719, 5, 0.9996247291564941, 5
1720, 19, 0.9690226316452026, 19
1721, 20, 0.5924484729766846, 20
1722, 8, 0.6225197315216064, 8
1724, 13, 0.9263678193092346, 13
1725, 25, 0.4696529805660248, 25
1726, 24, 0.9434303641319275, 24
173, 7, 0.6407890319824219, 7
1731, 29, 0.9187458157539368, 29
1733, 2, 0.9575973153114319, 2
1735, 29, 0.9969339370727539, 29
1738, 11, 0.9637036919593811, 11
1740, 2, 0.441821426153183, 2
1743, 12, 0.9439234733581543, 12
1744, 14, 0.9236130118370056, 14
1745, 19, 0.9174813628196716, 19
1753, 7, 0.8920534253120422, 7
1754, 11, 0.6991126537322998, 11
1759, 6, 0.7527875304222107, 6
176, 25, 0.9425337910652161, 25
1761, 9, 0.9607506394386292, 9
1763, 26, 0.9986670017242432, 26
1765, 23, 0.23648741841316223, 23
1766, 27, 0.9999997615814209, 27
1767, 5, 0.45385968685150146, 5
1768, 2, 0.5126656293869019, 2
1771, 14, 0.9549893140792847, 14
1774, 19, 0.8308094143867493, 19
1777, 1, 0.7457826137542725, 1
1778, 12, 0.9832800626754761, 12
1781, 17, 0.3593936860561371, 17
1782, 27, 0.9999384880065918, 27
1783, 7, 0.6045097708702087, 7
1784, 3, 0.9931014776229858, 3
1785, 17, 0.979766845703125, 17
1786, 7, 0.9651054739952087, 7
1787, 2, 0.806963324546814, 2
1789, 18, 0.6675739288330078, 18
1790, 10, 0.9586852192878723, 10
1791, 21, 0.7334806323051453, 21
1793, 15, 0.311919629573822, 15
1796, 26, 0.9993091821670532, 26
1799, 13, 0.9999377727508545, 13
18, 20, 0.32893940806388855, 20
180, 2, 0.9844954609870911, 2
1800, 3, 0.6500677466392517, 3
1801, 14, 0.21213309466838837, 14
1802, 22, 0.41985735297203064, 22
1804, 26, 0.9998034834861755, 26
1807, 22, 0.5297841429710388, 22
1809, 19, 0.5475934147834778, 19
1810, 11, 0.8039050698280334, 11
1813, 29, 0.9341537356376648, 29
1815, 23, 0.96832674741745, 23
1817, 17, 0.9637805223464966, 17
182, 11, 0.9985455274581909, 11
1820, 16, 0.9732023477554321, 16
1824, 22, 0.796237587928772, 22
1825, 21, 0.3757305145263672, 21
1826, 2, 0.37644320726394653, 2
1828, 12, 0.5229779481887817, 12
183, 25, 0.8654220104217529, 25
1832, 10, 0.7245513796806335, 10
1833, 9, 0.7352080345153809, 9
1834, 26, 0.9996734857559204, 26
1835, 23, 0.9860363006591797, 23
1837, 20, 0.3732415437698364, 20
1838, 12, 0.6163944005966187, 12
1839, 6, 0.603310763835907, 6
1842, 29, 0.935383677482605, 29
1843, 25, 0.9784272909164429, 25
1845, 27, 0.6818501353263855, 27
1846, 27, 0.9999998807907104, 27
1847, 5, 0.7676564455032349, 5
1848, 14, 0.9996534585952759, 14
1849, 2, 0.9880045056343079, 2
185, 5, 0.6930134296417236, 5
1852, 3, 0.8391717076301575, 3
1854, 18, 0.5753663182258606, 18
1855, 13, 0.9878520965576172, 13
1856, 1, 0.47942638397216797, 1
186, 24, 0.6048558354377747, 24
1862, 10, 0.4307180941104889, 10
1863, 14, 0.651132345199585, 14
1864, 5, 0.8627496361732483, 5
1868, 26, 0.6306782364845276, 26
1869, 20, 0.980354368686676, 20
1870, 1, 0.4736376702785492, 1
1876, 12, 0.6528825163841248, 12
1879, 5, 0.850784957408905, 5
1881, 16, 0.36002370715141296, 16
1883, 18, 0.7192965149879456, 18
1888, 10, 0.295137882232666, 10
1889, 17, 0.4443081319332123, 17
1891, 22, 0.9999885559082031, 22
1892, 1, 0.6784573793411255, 1
1898, 26, 0.539000928401947, 26
1899, 2, 0.9984081387519836, 2
19, 29, 0.9975789189338684, 29
190, 15, 0.7597420811653137, 15
1900, 27, 1.0, 27
1901, 29, 0.9756912589073181, 29
1902, 16, 0.3246691823005676, 16
1903, 9, 0.7012102603912354, 9
1904, 20, 0.9892856478691101, 20
1908, 11, 0.9812092185020447, 11
1909, 19, 0.9875594973564148, 19
1914, 3, 0.6881790161132812, 3
192, 6, 0.3899654448032379, 6
1921, 25, 0.5064622759819031, 25
1923, 19, 0.98329758644104, 19
1924, 25, 0.8844620585441589, 25
1926, 20, 0.760797381401062, 20
1927, 15, 0.9793640971183777, 15
1928, 27, 0.34834930300712585, 27
1929, 14, 0.8293007612228394, 14
1931, 8, 0.570327877998352, 8
1932, 28, 0.42414742708206177, 28
1936, 14, 0.3619314134120941, 14
1937, 7, 0.874297022819519, 7
1939, 5, 0.97478187084198, 5
194, 12, 0.884421706199646, 12
1940, 12, 0.5971279144287109, 12
1941, 13, 0.9919852018356323, 13
1944, 22, 0.7674677968025208, 22
1945, 2, 0.501150369644165, 2
1948, 24, 0.8917626738548279, 24
1950, 12, 0.9541341066360474, 12
1954, 8, 0.8399460911750793, 8
1955, 11, 0.5144513249397278, 11
1956, 29, 0.9200895428657532, 29
1960, 29, 0.9775166511535645, 29
1961, 28, 0.6356361508369446, 28
1962, 25, 0.9891421794891357, 25
1966, 7, 0.9794489145278931, 7
1968, 20, 0.3882487118244171, 20
1969, 13, 0.9943494200706482, 13
1972, 16, 0.31510570645332336, 16
1973, 6, 0.8062536716461182, 6
1976, 21, 0.28215911984443665, 21
1978, 3, 0.9942196607589722, 3
1979, 19, 0.3510218560695648, 19
1981, 29, 0.9984480142593384, 29
1983, 20, 0.3657706379890442, 20
1985, 12, 0.823854923248291, 12
1987, 24, 0.9990286827087402, 24
1988, 20, 0.873896598815918, 20
1989, 17, 0.5885472297668457, 17
199, 2, 0.624919593334198, 2
1991, 7, 0.29732441902160645, 7
1992, 17, 0.9424833655357361, 17
1997, 11, 0.8662760257720947, 11
1998, 2, 0.8099077939987183, 2
1999, 23, 0.5594562888145447, 23
20, 22, 0.8346199989318848, 22
200, 2, 0.7238498330116272, 2
2001, 12, 0.6917511224746704, 12
2003, 29, 0.4803030490875244, 29
2004, 14, 0.3753805160522461, 14
201, 29, 0.7808809876441956, 29
2011, 24, 0.7849550843238831, 24
2013, 22, 0.9859615564346313, 22
2014, 29, 0.5704985857009888, 29
2015, 7, 0.9870784282684326, 7
2019, 29, 0.9936023354530334, 29
202, 29, 0.9769704341888428, 29
2020, 17, 0.8510780930519104, 17
2021, 5, 0.8969661593437195, 5
2022, 11, 0.4750691056251526, 11
2023, 17, 0.9404382109642029, 17
2025, 10, 0.5199570655822754, 10
2027, 22, 0.5321193933486938, 22
2029, 22, 0.7797819375991821, 22
2030, 25, 0.42858660221099854, 25
2031, 5, 0.7367662787437439, 5
2035, 23, 0.9780775308609009, 23
2036, 12, 0.2400207221508026, 12
2038, 24, 0.581898033618927, 24
2039, 13, 0.32776543498039246, 13
204, 10, 0.6929808855056763, 10
2043, 7, 0.3224755823612213, 7
2045, 24, 0.7552992701530457, 24
2046, 9, 0.6237620711326599, 9
2047, 1, 0.8047395348548889, 1
2048, 19, 0.5992541313171387, 19
2049, 12, 0.6928068995475769, 12
2053, 22, 0.41140589118003845, 22
2054, 7, 0.41625213623046875, 7
2055, 6, 0.5588951110839844, 6
2057, 2, 0.5119790434837341, 2
2059, 25, 0.9853464365005493, 25
2060, 27, 0.9687206149101257, 27
2066, 29, 0.5981711745262146, 29
2068, 27, 1.0, 27
2069, 18, 0.8717272877693176, 18
2074, 3, 0.6085528135299683, 3
2075, 21, 0.9871484637260437, 21
2076, 15, 0.9829514622688293, 15
2078, 11, 0.24206344783306122, 11
2080, 8, 0.4649984836578369, 8
2081, 19, 0.7205706834793091, 19
2087, 14, 0.47485876083374023, 14
2088, 26, 0.9457845687866211, 26
2091, 22, 0.4520112872123718, 22
2092, 28, 0.9540831446647644, 28
2093, 7, 0.26781243085861206, 7
2094, 2, 0.924182653427124, 2
2095, 22, 0.5980008840560913, 22
21, 21, 0.9764754772186279, 21
2100, 29, 0.9784933924674988, 29
2104, 23, 0.9400451183319092, 23
2105, 17, 0.5008527040481567, 17
2107, 10, 0.8111549615859985, 10
2108, 11, 0.9617889523506165, 11
2111, 20, 0.6957981586456299, 20
2112, 28, 0.9517534971237183, 28
2114, 19, 0.8616704940795898, 19
2116, 24, 0.520512580871582, 24
2117, 11, 0.6082244515419006, 11
2120, 12, 0.9973805546760559, 12
2121, 18, 0.38776612281799316, 18
2122, 29, 0.9981268048286438, 29
2126, 29, 0.7704197764396667, 29
2131, 14, 0.9517546892166138, 14
2132, 2, 0.38946232199668884, 2
2134, 20, 0.6367754340171814, 20
2135, 1, 0.8129496574401855, 1
2137, 14, 0.16265517473220825, 14
2138, 17, 0.6933392286300659, 17
2139, 22, 0.8022551536560059, 22
2142, 27, 0.9511626958847046, 27
2145, 22, 0.45211780071258545, 22
2147, 13, 0.5272581577301025, 13
2149, 25, 0.9994717240333557, 25
2151, 19, 0.9295027256011963, 19
2152, 2, 0.9936794638633728, 2
2154, 14, 0.46381253004074097, 14
2155, 26, 0.4585714340209961, 26
2156, 27, 0.8936628103256226, 27
2158, 22, 0.999997615814209, 22
2160, 20, 0.6530300378799438, 20
2161, 19, 0.48023244738578796, 19
2163, 6, 0.710173487663269, 6
2165, 19, 0.9628975987434387, 19
2167, 16, 0.7031564116477966, 16
2168, 14, 0.8110342025756836, 14
2170, 25, 0.6157624125480652, 25
2172, 4, 0.6617414355278015, 4
2173, 11, 0.9064245820045471, 11
2174, 11, 0.7292771339416504, 11
2177, 16, 0.4550081789493561, 16
2179, 2, 0.5250528454780579, 2
2181, 6, 0.9479682445526123, 6
2182, 13, 0.7814618349075317, 13
2183, 29, 0.9949048757553101, 29
2184, 22, 0.9841592311859131, 22
2187, 27, 0.9736851453781128, 27
2189, 13, 0.9829617142677307, 13
2190, 11, 0.45959872007369995, 11
2191, 13, 0.9999935626983643, 13
2192, 5, 0.4016450047492981, 5
2194, 27, 0.24851489067077637, 27
2195, 12, 0.8236678242683411, 12
2196, 25, 0.6719510555267334, 25
2197, 1, 0.9064716100692749, 1
2198, 29, 0.504395604133606, 29
2199, 19, 0.9401103854179382, 19
220, 8, 0.43638092279434204, 8
2200, 27, 0.9408803582191467, 27
2201, 11, 0.973211944103241, 11
2202, 2, 0.9598953723907471, 2
2204, 14, 0.9653013944625854, 14
2206, 16, 0.64072185754776, 16
2207, 2, 0.9034931063652039, 2
2208, 27, 0.9998722076416016, 27
221, 10, 0.7153175473213196, 10
2210, 26, 0.9818587303161621, 26
2211, 20, 0.9724959135055542, 20
2212, 25, 0.8651396632194519, 25
2216, 14, 0.9716947674751282, 14
2218, 10, 0.5980650782585144, 10
2222, 25, 0.9792518019676208, 25
2223, 9, 0.25046929717063904, 9
2224, 2, 0.9959143996238708, 2
2225, 20, 0.5493252873420715, 20
2228, 22, 0.9768054485321045, 22
2229, 29, 0.9997499585151672, 29
2230, 27, 0.999647855758667, 27
2231, 18, 0.4725326895713806, 18
2237, 18, 0.8582934141159058, 18
2238, 8, 0.9988899827003479, 8
2241, 12, 0.28741222620010376, 12
2242, 11, 0.9910988211631775, 11
2244, 27, 0.9999990463256836, 27
2245, 24, 0.9717333912849426, 24
2248, 21, 0.432257741689682, 21
2249, 5, 0.22295521199703217, 5
2251, 23, 0.8526103496551514, 23
2252, 29, 0.9688594341278076, 29
2253, 22, 0.9739886522293091, 22
2256, 12, 0.8273278474807739, 12
2258, 16, 0.7872083783149719, 16
2259, 13, 0.8521437644958496, 13
2260, 11, 0.4629303812980652, 11
2263, 5, 0.9999154806137085, 5
2265, 19, 0.9381566047668457, 19
2266, 9, 0.9992393255233765, 9
227, 21, 0.7481720447540283, 21
2270, 5, 0.5241532325744629, 5
2272, 27, 0.5959838032722473, 27
2274, 25, 0.981023371219635, 25
2278, 9, 0.7748187780380249, 9
2279, 8, 0.879904568195343, 8
2280, 5, 0.49038034677505493, 5
2285, 13, 0.9366984963417053, 13
2286, 8, 0.9581232666969299, 8
2287, 17, 0.7379274368286133, 17
229, 29, 0.4484637677669525, 29
2292, 12, 0.9925427436828613, 12
2293, 13, 0.99996018409729, 13
2296, 2, 0.9974014759063721, 2
2297, 2, 0.8379908204078674, 2
2298, 12, 0.47423797845840454, 12
2299, 19, 0.8783417344093323, 19
23, 29, 0.8835425972938538, 29
230, 6, 0.6521695852279663, 6
2300, 18, 0.8524820804595947, 18
2302, 10, 0.9078455567359924, 10
2303, 20, 0.630993664264679, 20
2307, 25, 0.48620501160621643, 25
2310, 24, 0.9792238473892212, 24
2312, 11, 0.5842694044113159, 11
2314, 25, 0.6904154419898987, 25
2318, 11, 0.6814489960670471, 11
232, 10, 0.8229189515113831, 10
2324, 26, 0.9991586208343506, 26
2327, 17, 0.36236757040023804, 17
2328, 29, 0.9975677132606506, 29
2330, 20, 0.9990459084510803, 20
2333, 2, 0.4157875180244446, 2
2335, 29, 0.9998207688331604, 29
2336, 16, 0.9998706579208374, 16
2337, 14, 0.7783493995666504, 14
2338, 10, 0.6189790964126587, 10
234, 23, 0.9396857023239136, 23
2341, 20, 0.5580339431762695, 20
2342, 25, 0.9467650055885315, 25
2344, 2, 0.40013718605041504, 2
2346, 21, 0.40114888548851013, 21
2347, 19, 0.9995822310447693, 19
2349, 4, 0.8556328415870667, 4
235, 10, 0.4324401915073395, 10
2351, 29, 0.7856801748275757, 29
2353, 29, 0.9971867203712463, 29
2354, 12, 0.7821345329284668, 12
236, 17, 0.5566649436950684, 17
2362, 21, 0.5507113337516785, 21
2364, 14, 0.9935823082923889, 14
2365, 2, 0.9998980760574341, 2
2367, 7, 0.6879270076751709, 7
237, 13, 0.9519519209861755, 13
2370, 28, 0.4871777296066284, 28
2371, 13, 0.9675583243370056, 13
2372, 25, 0.9122330546379089, 25
2373, 3, 0.9955654740333557, 3
2374, 24, 0.9997918009757996, 24
2378, 11, 0.9577707052230835, 11
2380, 13, 0.9574776291847229, 13
2381, 2, 0.3607329726219177, 2
2384, 19, 0.5343474745750427, 19
2385, 9, 0.9553101658821106, 9
2388, 26, 0.9438255429267883, 26
2389, 10, 0.3961881697177887, 10
239, 3, 0.9999994039535522, 3
240, 29, 0.6584811806678772, 29
2400, 12, 0.9759024977684021, 12
2401, 24, 0.4742068946361542, 24
2402, 14, 0.48656728863716125, 14
2403, 29, 0.9955386519432068, 29
2405, 12, 0.6142266988754272, 12
2406, 20, 0.7112493515014648, 20
2410, 29, 0.9381390810012817, 29
2411, 22, 0.857070803642273, 22
2414, 13, 0.9998753070831299, 13
2416, 2, 0.4362199902534485, 2
2417, 17, 0.6554980874061584, 17
2418, 3, 0.45392733812332153, 3
2419, 14, 0.947521448135376, 14
242, 12, 0.6147080063819885, 12
2423, 18, 0.50260329246521, 18
2426, 18, 0.7825638055801392, 18
2429, 28, 0.7579877376556396, 28
243, 2, 0.6217724084854126, 2
2433, 22, 0.9847621917724609, 22
2437, 11, 0.9544486403465271, 11
2440, 20, 0.7776747345924377, 20
2443, 27, 0.9998213648796082, 27
2445, 24, 0.531959056854248, 24
2446, 12, 0.2543732523918152, 12
2447, 2, 0.8111011981964111, 2
2448, 1, 0.7919830083847046, 1
2449, 25, 0.7402442693710327, 25
245, 24, 0.7529913783073425, 24
2453, 10, 0.9888294339179993, 10
2454, 19, 0.8317155241966248, 19
2456, 28, 0.4586426615715027, 28
2458, 9, 0.7283633351325989, 9
2459, 14, 0.36575987935066223, 14
246, 29, 0.7895520329475403, 29
2461, 24, 0.5072597861289978, 24
2463, 5, 0.9976436495780945, 5
2464, 15, 0.33519697189331055, 15
2466, 22, 0.9970054030418396, 22
2467, 5, 0.48956698179244995, 5
2470, 13, 0.9930643439292908, 13
2471, 29, 0.8853544592857361, 29
2472, 24, 0.9824199676513672, 24
2474, 26, 0.8202881813049316, 26
2476, 6, 0.8253565430641174, 6
2477, 12, 0.9541637897491455, 12
2478, 11, 0.5690338611602783, 11
2479, 19, 0.9982261061668396, 19
248, 14, 0.2968668043613434, 14
2480, 28, 0.7599120736122131, 28
2484, 27, 0.994017481803894, 27
2485, 2, 0.9924235343933105, 2
2488, 24, 0.9996588230133057, 24
2493, 29, 0.9247764348983765, 29
2494, 1, 0.5210438370704651, 1
2499, 8, 0.9970903396606445, 8
2504, 29, 0.9984385371208191, 29
2505, 19, 0.4195252060890198, 19
2506, 22, 0.7091411352157593, 22
2509, 9, 0.788232147693634, 9
251, 12, 0.6324531435966492, 12
2510, 22, 0.3529236316680908, 22
2511, 23, 0.9285812377929688, 23
2513, 20, 0.6913509964942932, 20
2514, 10, 0.849120557308197, 10
2515, 2, 0.9994685053825378, 2
2516, 27, 0.9552153944969177, 27
2518, 8, 0.9936345815658569, 8
252, 25, 0.7294682860374451, 25
2522, 21, 0.246535986661911, 21
2523, 28, 0.6744370460510254, 28
2526, 3, 0.9281629920005798, 3
2527, 17, 0.5774456858634949, 17
253, 22, 0.7030140161514282, 22
2530, 9, 0.6964201331138611, 9
2541, 9, 0.7884535193443298, 9
2542, 29, 0.9639136791229248, 29
2545, 24, 0.9522116184234619, 24
255, 1, 0.5416378378868103, 1
2551, 10, 0.9992398023605347, 10
2552, 22, 0.9398496150970459, 22
2553, 24, 0.5584421753883362, 24
2554, 14, 0.9388908743858337, 14
2560, 3, 0.2975413501262665, 3
2565, 19, 0.999902606010437, 19
2566, 18, 0.7331783175468445, 18
2569, 6, 0.9916765689849854, 6
2570, 11, 0.6299508810043335, 11
2571, 16, 0.43574273586273193, 16
2572, 27, 0.9305012226104736, 27
2573, 12, 0.9685025215148926, 12
2574, 28, 0.9149579405784607, 28
2575, 5, 0.8504492044448853, 5
2576, 7, 0.9857900738716125, 7
2577, 10, 0.6418121457099915, 10
2579, 11, 0.4757920503616333, 11
2580, 12, 0.6881108283996582, 12
2581, 2, 0.520442008972168, 2
2582, 16, 0.638996958732605, 16
2583, 10, 0.4838204085826874, 10
2584, 10, 0.9733266830444336, 10
2585, 1, 0.966235339641571, 1
2586, 21, 0.5973038673400879, 21
2594, 24, 0.7647931575775146, 24
2595, 25, 0.9826852083206177, 25
2597, 25, 0.35793212056159973, 25
26, 13, 0.9394862651824951, 13
260, 16, 0.9470988512039185, 16
2601, 24, 0.9217402935028076, 24
2603, 13, 0.9945966005325317, 13
2606, 7, 0.9701254963874817, 7
2607, 7, 0.44602447748184204, 7
2608, 6, 0.7284839749336243, 6
2609, 19, 0.33027899265289307, 19
2614, 13, 0.9924538731575012, 13
2615, 11, 0.5543299913406372, 11
2616, 19, 0.33739006519317627, 19
2618, 29, 0.8335428237915039, 29
2620, 29, 0.4088355600833893, 29
2622, 20, 0.9151601791381836, 20
2628, 23, 0.4859474301338196, 23
2629, 5, 0.38647687435150146, 5
2630, 9, 0.7861301898956299, 9
2633, 25, 0.5738138556480408, 25
2636, 29, 0.6290151476860046, 29
2638, 28, 0.9373559951782227, 28
2639, 24, 0.9880034923553467, 24
264, 21, 0.23242469131946564, 21
2642, 15, 0.40344634652137756, 15
2643, 22, 0.41217702627182007, 22
2644, 22, 0.8424044847488403, 22
2649, 16, 0.47152721881866455, 16
2650, 25, 0.4994659721851349, 25
2654, 13, 0.9993374943733215, 13
2656, 1, 0.32433170080184937, 1
2657, 7, 0.8613391518592834, 7
2658, 17, 0.7022737264633179, 17
266, 25, 0.42114245891571045, 25
2661, 25, 0.9241935014724731, 25
2662, 8, 0.6420891880989075, 8
2663, 3, 0.6887593865394592, 3
2664, 26, 0.8303122520446777, 26
2668, 7, 0.9552730321884155, 7
2669, 14, 0.5137122869491577, 14
267, 26, 0.9999947547912598, 26
2672, 12, 0.9230335354804993, 12
2674, 1, 0.4913484454154968, 1
2675, 11, 0.9968459010124207, 11
2676, 15, 0.9944275617599487, 15
2677, 7, 0.483239084482193, 7
2678, 13, 0.6457073092460632, 13
2679, 2, 0.8041318655014038, 2
268, 14, 0.6294070482254028, 14
2681, 6, 0.5689734220504761, 6
2682, 2, 0.5566664338111877, 2
2683, 3, 0.5470327138900757, 3
2684, 23, 0.45879730582237244, 23
2685, 13, 0.925243079662323, 13
2686, 12, 0.8611417412757874, 12
2689, 14, 0.9982155561447144, 14
2692, 23, 0.9873685240745544, 23
2693, 11, 0.7689474821090698, 11
2696, 13, 0.7787864804267883, 13
2699, 4, 0.8205522298812866, 4
2702, 5, 0.9996047616004944, 5
2704, 26, 0.9710131883621216, 26
2705, 6, 0.29780688881874084, 6
2709, 22, 0.8156570792198181, 22
2711, 19, 0.6516616940498352, 19
272, 29, 0.6084824800491333, 29
2720, 13, 0.9998297691345215, 13
2722, 1, 0.4818183481693268, 1
2724, 27, 0.8064002990722656, 27
2726, 3, 0.4811558127403259, 3
2728, 20, 0.9905256032943726, 20
273, 23, 0.1892661452293396, 23
2730, 22, 0.9868159890174866, 22
2733, 25, 0.48412057757377625, 25
2734, 6, 0.5859823226928711, 6
2735, 14, 0.996720016002655, 14
2736, 13, 0.7405608892440796, 13
2737, 2, 0.9145484566688538, 2
2739, 18, 0.6391440033912659, 18
274, 17, 0.8816066384315491, 17
2740, 29, 0.96705561876297, 29
2742, 26, 0.9605526328086853, 26
2744, 27, 0.9999918937683105, 27
2749, 1, 0.6818758845329285, 1
275, 17, 0.48654618859291077, 17
2750, 24, 0.9997852444648743, 24
2751, 12, 0.9244749546051025, 12
2758, 19, 0.4961828887462616, 19
2760, 2, 0.9507131576538086, 2
2761, 29, 0.9588046669960022, 29
2765, 8, 0.6854882836341858, 8
2767, 11, 0.8445912003517151, 11
2768, 2, 0.4562098979949951, 2
2769, 19, 0.9981278777122498, 19
2772, 1, 0.8586851954460144, 1
2773, 14, 0.991860568523407, 14
2778, 9, 0.9980977177619934, 9
2781, 21, 0.37102580070495605, 21
2785, 16, 0.5401641130447388, 16
2787, 7, 0.423297256231308, 7
2789, 18, 0.4795375466346741, 18
2790, 13, 0.9675166010856628, 13
2792, 10, 0.99162757396698, 10
2794, 13, 0.7238413095474243, 13
2796, 2, 0.8005948662757874, 2
2797, 22, 0.5756106376647949, 22
2799, 29, 0.9639751315116882, 29
280, 1, 0.9021549820899963, 1
2800, 10, 0.9489910006523132, 10
2802, 18, 0.5564429759979248, 18
2805, 25, 0.901323676109314, 25
2806, 27, 0.46433112025260925, 27
2807, 19, 0.6446049213409424, 19
2808, 29, 0.8419223427772522, 29
2811, 7, 0.6353548765182495, 7
2813, 12, 0.3684280514717102, 12
2815, 29, 0.9431087374687195, 29
2817, 13, 0.5755909085273743, 13
2819, 22, 0.9576604962348938, 22
2820, 12, 0.37570762634277344, 12
2821, 3, 0.944730281829834, 3
2822, 11, 0.7752761244773865, 11
2825, 24, 0.9416630864143372, 24
2826, 14, 0.411859929561615, 14
2827, 23, 0.9998062252998352, 23
2829, 28, 0.9357259273529053, 28
2830, 27, 0.9937764406204224, 27
2831, 28, 0.9297164082527161, 28
2832, 27, 0.9999841451644897, 27
2834, 20, 0.9158092737197876, 20
2837, 14, 0.997495710849762, 14
2838, 2, 0.8739272356033325, 2
2839, 23, 0.6954947710037231, 23
284, 23, 0.6011471152305603, 23
2842, 13, 0.989600419998169, 13
2843, 13, 0.9475775957107544, 13
2845, 21, 0.9754055738449097, 21
2849, 16, 0.9925979375839233, 16
285, 17, 0.3563484251499176, 17
2852, 14, 0.432052880525589, 14
2855, 1, 0.7614501714706421, 1
2858, 22, 0.4807789921760559, 22
2860, 19, 0.9726080298423767, 19
2864, 4, 0.7964622378349304, 4
2867, 8, 0.8607436418533325, 8
2868, 7, 0.3232845067977905, 7
2869, 6, 0.5321812033653259, 6
2870, 16, 0.9715591669082642, 16
2872, 22, 0.8902390003204346, 22
2874, 29, 0.8540893793106079, 29
2875, 27, 0.9993116855621338, 27
2877, 9, 0.47432729601860046, 9
2878, 27, 0.6185343861579895, 27
2881, 19, 0.8910937905311584, 19
2883, 19, 0.7296828031539917, 19
2889, 26, 0.9996907711029053, 26
2891, 19, 0.8332722187042236, 19
2894, 22, 0.5519444346427917, 22
2896, 1, 0.8002210259437561, 1
2897, 17, 0.5275400280952454, 17
29, 26, 0.6091545820236206, 26
2900, 11, 0.9968020915985107, 11
2902, 1, 0.42689335346221924, 1
2906, 12, 0.48155155777931213, 12
2907, 8, 0.6977102160453796, 8
291, 12, 0.6329225897789001, 12
2911, 7, 0.921169102191925, 7
2912, 13, 0.9999853372573853, 13
2915, 25, 0.5065173506736755, 25
2916, 14, 0.35882192850112915, 14
2918, 12, 0.8491664528846741, 12
2919, 2, 0.9935746788978577, 2
292, 28, 0.8042872548103333, 28
2924, 25, 0.8706517815589905, 25
2925, 22, 0.5482822060585022, 22
2926, 2, 0.22914710640907288, 2
2928, 16, 0.9502357244491577, 16
293, 27, 0.9999990463256836, 27
2930, 6, 0.5753976106643677, 6
2931, 1, 0.22996270656585693, 1
2933, 23, 0.5933007597923279, 23
2936, 19, 0.8251461982727051, 19
2940, 15, 0.6241397261619568, 15
2941, 7, 0.4239538908004761, 7
2942, 5, 0.5043506622314453, 5
2943, 17, 0.706171989440918, 17
2945, 26, 0.645112156867981, 26
2946, 12, 0.4713912904262543, 12
2948, 3, 0.9713808298110962, 3
2951, 29, 0.9839419722557068, 29
2952, 29, 0.8464140892028809, 29
2953, 28, 0.8842852711677551, 28
2955, 10, 0.6824569702148438, 10
2956, 25, 0.9820053577423096, 25
2957, 16, 0.6565045714378357, 16
2958, 13, 0.9906249642372131, 13
2959, 29, 0.4554881155490875, 29
2961, 1, 0.7408955693244934, 1
2964, 28, 0.4395278990268707, 28
2965, 23, 0.9997313618659973, 23
2966, 7, 0.7466612458229065, 7
2969, 12, 0.99671870470047, 12
297, 8, 0.5769355893135071, 8
2970, 14, 0.2525427043437958, 14
2972, 27, 0.5608082413673401, 27
2974, 14, 0.9474862217903137, 14
2979, 22, 0.5272862315177917, 22
2980, 19, 0.7912715077400208, 19
2983, 13, 0.9138508439064026, 13
2987, 18, 0.3991888761520386, 18
2989, 11, 0.4938328266143799, 11
299, 20, 0.5257111191749573, 20
2990, 26, 0.9397519826889038, 26
2993, 22, 0.3614804148674011, 22
2994, 14, 0.9215748310089111, 14
2998, 22, 0.4649777114391327, 22
30, 9, 0.9245279431343079, 9
300, 29, 0.8041807413101196, 29
3000, 3, 0.9378839135169983, 3
3003, 13, 0.9999868869781494, 13
3009, 13, 0.9999302625656128, 13
301, 3, 0.35452795028686523, 3
3010, 4, 0.402913898229599, 4
3011, 17, 0.34570950269699097, 17
3013, 27, 0.8849561214447021, 27
3015, 8, 0.7818371057510376, 8
3017, 15, 0.588745653629303, 15
302, 29, 0.4238067865371704, 29
3020, 25, 0.7027286887168884, 25
3021, 12, 0.3089192807674408, 12
3022, 26, 0.29340213537216187, 26
3023, 5, 0.47343748807907104, 5
3024, 10, 0.9718132019042969, 10
3025, 2, 0.3964725434780121, 2
3026, 11, 0.36942487955093384, 11
3030, 7, 0.6233490109443665, 7
3031, 29, 0.9952547550201416, 29
3032, 12, 0.9106559157371521, 12
3033, 20, 0.5211437940597534, 20
3034, 29, 0.4913634657859802, 29
3036, 6, 0.9999922513961792, 6
3037, 19, 0.3055437505245209, 19
3038, 14, 0.4594980776309967, 14
3041, 24, 0.6043564081192017, 24
3042, 6, 0.9745780825614929, 6
3043, 13, 0.9878818988800049, 13
3046, 27, 0.9991056323051453, 27
3047, 24, 0.9269304871559143, 24
3048, 14, 0.7733106017112732, 14
305, 18, 0.7766121029853821, 18
3050, 7, 0.33435991406440735, 7
3052, 2, 0.9998570680618286, 2
3056, 20, 0.8372258543968201, 20
3057, 28, 0.8293542265892029, 28
3059, 21, 0.2574216425418854, 21
306, 27, 0.9999998807907104, 27
3060, 1, 0.9371935129165649, 1
3061, 19, 0.3185582458972931, 19
3062, 2, 0.3579859137535095, 2
3063, 9, 0.7114877104759216, 9
3064, 26, 0.9779266715049744, 26
3065, 1, 0.24010790884494781, 1
3067, 25, 0.2970133423805237, 25
3068, 17, 0.7598118185997009, 17
3069, 12, 0.9987781643867493, 12
307, 29, 0.9936702251434326, 29
3074, 29, 0.8572809100151062, 29
3076, 26, 0.903103232383728, 26
3077, 23, 0.3487149775028229, 23
3082, 9, 0.8522868752479553, 9
3083, 8, 0.7129162549972534, 8
3086, 18, 0.6389956474304199, 18
3087, 3, 0.9683771729469299, 3
3088, 21, 0.6055001616477966, 21
309, 2, 0.9864962697029114, 2
3091, 5, 0.6312664747238159, 5
3093, 20, 0.7365037202835083, 20
3095, 23, 0.7095848917961121, 23
3098, 15, 0.5561621785163879, 15
3099, 7, 0.7476246356964111, 7
31, 10, 0.3192134201526642, 10
310, 23, 0.7127092480659485, 23
3100, 1, 0.30660828948020935, 1
3105, 19, 0.9963324666023254, 19
3106, 3, 0.9516606330871582, 3
3108, 23, 0.9627487659454346, 23
3110, 14, 0.2713105082511902, 14
3111, 29, 0.994360625743866, 29
3114, 16, 0.7689840197563171, 16
3118, 7, 0.3734731078147888, 7
3119, 6, 0.76717609167099, 6
312, 16, 0.8960404396057129, 16
3120, 12, 0.4207555651664734, 12
3123, 7, 0.7686368227005005, 7
3124, 3, 0.3048960566520691, 3
3125, 19, 0.9954407215118408, 19
3126, 14, 0.5846665501594543, 14
3127, 22, 0.4870285391807556, 22
3128, 19, 0.5061633586883545, 19
3129, 9, 0.9355506300926208, 9
3130, 28, 0.8359559178352356, 28
3132, 23, 0.7793461680412292, 23
3134, 12, 0.31718945503234863, 12
3135, 5, 0.9991639852523804, 5
3136, 26, 0.9981926083564758, 26
3137, 4, 0.4394124746322632, 4
3139, 2, 0.9997474551200867, 2
314, 2, 0.9940179586410522, 2
3142, 2, 0.32746580243110657, 2
3143, 29, 0.9991549253463745, 29
3145, 29, 0.9979870319366455, 29
3148, 25, 0.7381381392478943, 25
3150, 29, 0.997217059135437, 29
3152, 27, 0.5166552066802979, 27
3154, 23, 0.9993032217025757, 23
3155, 25, 0.9972518086433411, 25
3157, 8, 0.982962965965271, 8
3158, 8, 0.9997561573982239, 8
3159, 15, 0.9987345337867737, 15
316, 22, 0.8021487593650818, 22
3160, 20, 0.9998207688331604, 20
3161, 7, 0.9632411599159241, 7
3162, 9, 0.9987213015556335, 9
3164, 19, 0.804192304611206, 19
3165, 13, 0.845649778842926, 13
3167, 12, 0.8264789581298828, 12
3168, 19, 0.5810008645057678, 19
317, 5, 0.7958865165710449, 5
3170, 16, 0.5332058072090149, 16
3173, 29, 0.533398449420929, 29
3176, 28, 0.8470075130462646, 28
3177, 14, 0.3352876603603363, 14
3179, 19, 0.9339831471443176, 19
3180, 26, 0.6296612024307251, 26
3181, 22, 0.8116034269332886, 22
3182, 10, 0.8295961022377014, 10
3183, 29, 0.2816699147224426, 29
3187, 29, 0.617595911026001, 29
3188, 8, 0.32538220286369324, 8
3189, 29, 0.8032655119895935, 29
3191, 12, 0.8390145301818848, 12
3192, 12, 0.40548017621040344, 12
3195, 14, 0.6836308836936951, 14
3196, 6, 0.7059762477874756, 6
3197, 9, 0.9999916553497314, 9
32, 22, 0.4971584975719452, 22
320, 19, 0.5983566641807556, 19
3200, 2, 0.8069284558296204, 2
3202, 7, 0.5464811325073242, 7
3203, 14, 0.999997615814209, 14
3206, 24, 0.9996652603149414, 24
3207, 29, 0.9967548251152039, 29
321, 26, 0.5207582712173462, 26
3211, 17, 0.9913767576217651, 17
3213, 25, 0.8105233907699585, 25
3216, 1, 0.8081294298171997, 1
3217, 28, 0.9995254278182983, 28
3218, 19, 0.9875667095184326, 19
3219, 13, 0.9975811243057251, 13
3225, 2, 0.7549814581871033, 2
3227, 29, 0.5578892827033997, 29
323, 27, 0.9999411106109619, 27
3232, 23, 0.9999361038208008, 23
3234, 1, 0.3865358531475067, 1
3237, 3, 0.36627084016799927, 3
3238, 3, 0.9766057729721069, 3
324, 16, 0.44699448347091675, 16
3240, 13, 0.5642392039299011, 13
3242, 23, 0.9729430675506592, 23
3243, 13, 0.41815385222435, 13
3245, 24, 0.8156874179840088, 24
3246, 16, 0.36424195766448975, 16
3247, 21, 0.5961953997612, 21
3248, 6, 0.8710561394691467, 6
3249, 17, 0.997631311416626, 17
325, 28, 0.9971012473106384, 28
3251, 24, 0.5019816756248474, 24
3254, 19, 0.9937283992767334, 19
3256, 19, 0.8249503374099731, 19
3258, 3, 0.992885410785675, 3
3259, 24, 0.27023786306381226, 24
326, 29, 0.8008092045783997, 29
3260, 25, 0.9971977472305298, 25
3262, 20, 0.5453887581825256, 20
3269, 6, 0.6129769086837769, 6
327, 26, 0.8013569712638855, 26
3271, 27, 0.7205378413200378, 27
3274, 10, 0.3984510600566864, 10
3276, 6, 0.36007794737815857, 6
3279, 7, 0.41140270233154297, 7
328, 29, 0.9829438328742981, 29
3280, 2, 0.9935243129730225, 2
3282, 22, 0.3272402286529541, 22
3283, 3, 0.9339394569396973, 3
3284, 25, 0.5896815061569214, 25
3287, 29, 0.9897588491439819, 29
3288, 29, 0.9957055449485779, 29
329, 13, 0.5872887969017029, 13
3291, 14, 0.9715354442596436, 14
3292, 19, 0.9313181638717651, 19
3294, 24, 0.9554632306098938, 24
3297, 5, 0.8142213821411133, 5
330, 23, 0.9999140501022339, 23
3300, 13, 0.9990153312683105, 13
3301, 19, 0.5082780718803406, 19
3302, 12, 0.9460620284080505, 12
3303, 1, 0.7857261300086975, 1
3305, 25, 0.7472626566886902, 25
3306, 18, 0.30699557065963745, 18
3310, 29, 0.9953130483627319, 29
3315, 27, 0.9283260107040405, 27
3316, 18, 0.6133213043212891, 18
3319, 12, 0.5911785960197449, 12
3321, 13, 0.8670033812522888, 13
3322, 8, 0.4434155821800232, 8
3323, 20, 0.9999935626983643, 20
3325, 9, 0.9294365048408508, 9
3326, 1, 0.9895471334457397, 1
3329, 13, 0.999810516834259, 13
3331, 11, 0.39311832189559937, 11
3334, 27, 0.28941085934638977, 27
3335, 14, 0.25734904408454895, 14
3337, 23, 0.4736349880695343, 23
3342, 8, 0.8985169529914856, 8
3348, 23, 0.8886245489120483, 23
3349, 18, 0.5954403877258301, 18
335, 2, 0.6428477764129639, 2
3350, 3, 0.5835163593292236, 3
3351, 18, 0.5622776746749878, 18
3352, 10, 0.8604412078857422, 10
3353, 17, 0.977200984954834, 17
3355, 6, 0.8290338516235352, 6
3361, 25, 0.45728713274002075, 25
3363, 19, 0.6134456396102905, 19
3364, 22, 0.8520455360412598, 22
3370, 3, 0.9545437693595886, 3
3371, 23, 0.9281003475189209, 23
3372, 22, 0.9933972358703613, 22
3374, 21, 0.9671319723129272, 21
3377, 13, 0.37627309560775757, 13
3380, 1, 0.9373576641082764, 1
3382, 29, 0.8305566310882568, 29
3384, 12, 0.4271729588508606, 12
3386, 14, 0.717556357383728, 14
3387, 20, 0.42949849367141724, 20
339, 19, 0.9967435002326965, 19
3390, 25, 0.9775115251541138, 25
3391, 15, 0.9947018027305603, 15
3392, 28, 0.9922738671302795, 28
3393, 24, 0.9994621872901917, 24
3395, 7, 0.396213173866272, 7
3400, 23, 0.9427840709686279, 23
3402, 16, 0.42563143372535706, 16
3407, 2, 0.992237389087677, 2
3408, 10, 0.5865938067436218, 10
3410, 19, 0.6445428133010864, 19
3411, 12, 0.9846657514572144, 12
3412, 26, 0.9390429854393005, 26
3413, 17, 0.8746436834335327, 17
3415, 17, 0.5944695472717285, 17
3416, 19, 0.779856264591217, 19
3417, 2, 0.9132763147354126, 2
3418, 29, 0.9969257712364197, 29
3419, 19, 0.5616869330406189, 19
342, 10, 0.9678682684898376, 10
3421, 22, 0.8774731159210205, 22
3422, 21, 0.7236897945404053, 21
3426, 16, 0.7528144717216492, 16
3430, 12, 0.6886531114578247, 12
3432, 25, 0.9046855568885803, 25
3433, 4, 0.9950721859931946, 4
3434, 21, 0.8664952516555786, 21
3435, 29, 0.6121925115585327, 29
3438, 29, 0.9989595413208008, 29
3439, 23, 0.9683351516723633, 23
344, 27, 1.0, 27
3440, 18, 0.36833152174949646, 18
3442, 23, 0.34963005781173706, 23
3444, 25, 0.3436014950275421, 25
3445, 11, 0.8355428576469421, 11
3447, 2, 0.7423520684242249, 2
3448, 29, 0.43183115124702454, 29
3449, 12, 0.9981374740600586, 12
345, 17, 0.9920855164527893, 17
3450, 29, 0.8980245590209961, 29
3453, 29, 0.7806367874145508, 29
3454, 12, 0.7586470246315002, 12
3457, 28, 0.3654576539993286, 28
3459, 15, 0.6004229187965393, 15
346, 9, 0.8681030869483948, 9
3461, 29, 0.9998040795326233, 29
3462, 18, 0.35419586300849915, 18
3463, 6, 0.31580647826194763, 6
3464, 26, 0.9954904913902283, 26
3467, 14, 0.9659489393234253, 14
3468, 24, 0.9324941039085388, 24
347, 2, 0.7309504747390747, 2
3470, 19, 0.8753058314323425, 19
3471, 19, 0.2474716603755951, 19
3472, 21, 0.6623345613479614, 21
3473, 20, 0.9937479496002197, 20
3474, 3, 0.5179269909858704, 3
3477, 5, 0.9887027740478516, 5
3479, 29, 0.35396361351013184, 29
348, 16, 0.3065347671508789, 16
3481, 4, 0.585812509059906, 4
3482, 16, 0.9733692407608032, 16
3483, 19, 0.6088257431983948, 19
3484, 23, 0.509498119354248, 23
3486, 19, 0.9045531749725342, 19
3488, 8, 0.8857669234275818, 8
3489, 23, 0.916526198387146, 23
3491, 12, 0.6353192925453186, 12
3493, 25, 0.6778597235679626, 25
3496, 20, 0.9988954067230225, 20
3498, 22, 0.9606072902679443, 22
3499, 20, 0.8111193180084229, 20
350, 3, 0.8911599516868591, 3
3501, 28, 0.7816088795661926, 28
3502, 22, 0.9985578656196594, 22
3504, 13, 0.9999819993972778, 13
3505, 23, 0.5747947096824646, 23
3506, 14, 0.6111265420913696, 14
3508, 10, 0.9977898597717285, 10
3509, 5, 0.9716575145721436, 5
3516, 14, 0.8655158281326294, 14
3517, 7, 0.9566656351089478, 7
3519, 18, 0.5112865567207336, 18
352, 21, 0.30363601446151733, 21
3520, 8, 0.55845707654953, 8
3521, 29, 0.4203217029571533, 29
3522, 29, 0.9888468980789185, 29
3523, 7, 0.4528340697288513, 7
3527, 16, 0.8382353782653809, 16
3529, 9, 0.9895589351654053, 9
3533, 6, 0.5114589333534241, 6
3534, 2, 0.6424891352653503, 2
3535, 5, 0.3019534945487976, 5
3536, 27, 0.9956099390983582, 27
3539, 17, 0.6977559924125671, 17
3540, 29, 0.47462722659111023, 29
3541, 20, 0.9999456405639648, 20
3547, 25, 0.5012187361717224, 25
3548, 19, 0.9982931017875671, 19
3549, 14, 0.6505816578865051, 14
355, 27, 0.37165507674217224, 27
3550, 27, 0.9995606541633606, 27
3551, 3, 0.4045630395412445, 3
3553, 14, 0.9997172951698303, 14
3554, 9, 0.9531521201133728, 9
3557, 24, 0.9993613362312317, 24
3558, 12, 0.43558502197265625, 12
356, 22, 0.9809242486953735, 22
3561, 21, 0.9400473237037659, 21
3562, 25, 0.9099558591842651, 25
3563, 23, 0.6801331639289856, 23
3564, 3, 0.9822121262550354, 3
3568, 29, 0.9958171248435974, 29
357, 29, 0.4703301787376404, 29
3570, 27, 0.40113699436187744, 27
3575, 29, 0.9202565550804138, 29
3576, 11, 0.44382041692733765, 11
358, 12, 0.9225250482559204, 12
3581, 19, 0.9995713829994202, 19
3583, 2, 0.9983660578727722, 2
3584, 20, 0.9965950846672058, 20
3586, 16, 0.7672919631004333, 16
3588, 14, 0.7551487684249878, 14
3589, 7, 0.6296648979187012, 7
3590, 6, 0.30225127935409546, 6
3591, 1, 0.5920481085777283, 1
3593, 14, 0.3214995861053467, 14
3594, 2, 0.9282931089401245, 2
3596, 17, 0.5795186161994934, 17
36, 2, 0.7955688834190369, 2
360, 21, 0.8683044910430908, 21
3601, 29, 0.7480490207672119, 29
3604, 5, 0.710970938205719, 5
3605, 25, 0.9745498299598694, 25
361, 11, 0.4160687327384949, 11
3610, 12, 0.3601866066455841, 12
3611, 22, 0.9929088354110718, 22
3613, 13, 0.9869765639305115, 13
3614, 22, 0.5341053605079651, 22
3616, 2, 0.43339306116104126, 2
3623, 19, 0.9890705347061157, 19
3627, 2, 0.7452070116996765, 2
3628, 2, 0.48289474844932556, 2
363, 10, 0.6870185136795044, 10
3630, 10, 0.9113345742225647, 10
3631, 11, 0.5498714447021484, 11
3633, 8, 0.999363124370575, 8
3641, 13, 0.9919137954711914, 13
3642, 14, 0.621200680732727, 14
3645, 7, 0.695356547832489, 7
3646, 29, 0.9514011740684509, 29
3647, 25, 0.922893762588501, 25
3648, 17, 0.7871827483177185, 17
365, 28, 0.8789787292480469, 28
3650, 9, 0.9438431262969971, 9
3652, 16, 0.468818336725235, 16
3653, 1, 0.5533688068389893, 1
3655, 20, 0.9741256237030029, 20
3656, 13, 0.9822261333465576, 13
3657, 29, 0.8730915784835815, 29
3659, 16, 0.27496325969696045, 16
3661, 2, 0.35731664299964905, 2
3662, 19, 0.9927197694778442, 19
3665, 23, 0.366656631231308, 23
3668, 23, 0.8657323718070984, 23
3669, 27, 0.9561231732368469, 27
3670, 29, 0.29014453291893005, 29
3671, 5, 0.7518442869186401, 5
3672, 21, 0.9154905676841736, 21
3676, 5, 0.39675888419151306, 5
3677, 12, 0.932592511177063, 12
3678, 27, 0.6663562059402466, 27
3679, 26, 0.8989712595939636, 26
3680, 18, 0.49344101548194885, 18
3682, 23, 0.6162320375442505, 23
3686, 20, 0.7374313473701477, 20
3687, 4, 0.5032386779785156, 4
3689, 25, 0.9961742758750916, 25
3690, 23, 0.3797832727432251, 23
3691, 12, 0.44163593649864197, 12
3693, 20, 0.5459880828857422, 20
3695, 13, 0.5628235936164856, 13
3697, 29, 0.7433594465255737, 29
3698, 29, 0.9279076457023621, 29
3704, 21, 0.8517372012138367, 21
3706, 27, 0.6271378397941589, 27
3708, 11, 0.4490146338939667, 11
371, 29, 0.8919453620910645, 29
3710, 12, 0.6772933602333069, 12
3712, 13, 0.9696562886238098, 13
3714, 25, 0.3837699294090271, 25
3715, 29, 0.9969108700752258, 29
3716, 28, 0.8189910650253296, 28
3724, 11, 0.6507171988487244, 11
3725, 17, 0.9278588891029358, 17
3727, 17, 0.8033282160758972, 17
3728, 1, 0.8577887415885925, 1
3729, 25, 0.5964252352714539, 25
3730, 15, 0.982146680355072, 15
3732, 6, 0.6664963960647583, 6
3733, 23, 0.5580297708511353, 23
3734, 22, 0.7199567556381226, 22
3737, 9, 0.6307836174964905, 9
3739, 13, 0.8226767778396606, 13
3740, 12, 0.980463445186615, 12
3742, 23, 0.5539072155952454, 23
3743, 23, 0.7030803561210632, 23
3745, 21, 0.987122654914856, 21
3746, 6, 0.4408624768257141, 6
3748, 19, 0.9946841597557068, 19
3749, 19, 0.9961929321289062, 19
375, 29, 0.8330925703048706, 29
3750, 1, 0.44322478771209717, 1
3752, 2, 0.6276794672012329, 2
3754, 17, 0.9936231970787048, 17
3756, 9, 0.8867114782333374, 9
376, 26, 0.9896418452262878, 26
3760, 26, 0.36394989490509033, 26
3761, 13, 0.9999957084655762, 13
3762, 27, 0.22088788449764252, 27
3763, 10, 0.8593422770500183, 10
3764, 4, 0.7434861660003662, 4
3765, 24, 0.8991672992706299, 24
3767, 29, 0.7409626245498657, 29
3768, 6, 0.859660267829895, 6
377, 3, 0.9522141814231873, 3
3770, 18, 0.29420211911201477, 18
3772, 29, 0.9425522685050964, 29
3773, 29, 0.613486111164093, 29
3776, 23, 0.8533932566642761, 23
378, 16, 0.3731646239757538, 16
3780, 25, 0.9766577482223511, 25
3781, 20, 0.3100288510322571, 20
3785, 1, 0.4724074602127075, 1
3786, 21, 0.29427406191825867, 21
3787, 24, 0.5889560580253601, 24
3793, 12, 0.9541234970092773, 12
3796, 6, 0.9466789960861206, 6
3797, 14, 0.9980745315551758, 14
3798, 22, 0.9149555563926697, 22
3799, 3, 0.48740264773368835, 3
380, 13, 0.9992780089378357, 13
3801, 19, 0.8210755586624146, 19
3803, 14, 0.997053861618042, 14
3804, 1, 0.9719621539115906, 1
3806, 27, 0.9999995231628418, 27
3808, 19, 0.9072325825691223, 19
381, 2, 0.7748949527740479, 2
3812, 24, 0.502252995967865, 24
3813, 22, 0.9141815900802612, 22
3815, 27, 0.9999878406524658, 27
3826, 11, 0.3236660361289978, 11
3828, 16, 0.9298143982887268, 16
3833, 29, 0.8788495063781738, 29
3835, 14, 0.7192336916923523, 14
3837, 12, 0.9114715456962585, 12
3838, 29, 0.9949613809585571, 29
384, 13, 0.9892850518226624, 13
3841, 26, 0.9837591648101807, 26
3842, 6, 0.45047321915626526, 6
3844, 29, 0.999993085861206, 29
3845, 3, 0.37664780020713806, 3
3847, 22, 0.6606958508491516, 22
3851, 21, 0.7370380163192749, 21
3856, 11, 0.3914099931716919, 11
3858, 11, 0.6976948380470276, 11
3859, 1, 0.6294946670532227, 1
386, 3, 0.9706875681877136, 3
3862, 12, 0.35187697410583496, 12
3863, 8, 0.5176553726196289, 8
3865, 26, 0.5268325209617615, 26
3867, 17, 0.7955818772315979, 17
387, 13, 0.9895164370536804, 13
3870, 25, 0.24132734537124634, 25
3874, 9, 0.835792601108551, 9
3875, 13, 0.4867875277996063, 13
3876, 29, 0.973339319229126, 29
388, 14, 0.8636255264282227, 14
3880, 5, 0.512333869934082, 5
3886, 2, 0.9945703148841858, 2
3889, 19, 0.9999535083770752, 19
389, 29, 0.7837979197502136, 29
3890, 22, 0.9602083563804626, 22
3891, 23, 0.9463808536529541, 23
3893, 27, 1.0, 27
3894, 18, 0.7728796005249023, 18
390, 17, 0.6023239493370056, 17
3901, 11, 0.4861496686935425, 11
3902, 22, 0.4165865182876587, 22
3903, 19, 0.9937283992767334, 19
3904, 20, 0.4932219386100769, 20
3907, 28, 0.9203089475631714, 28
3913, 7, 0.25020092725753784, 7
3915, 6, 0.8444815874099731, 6
3917, 29, 0.5916081666946411, 29
3919, 29, 0.5830045938491821, 29
3920, 19, 0.5996144413948059, 19
3921, 22, 0.33532193303108215, 22
3923, 20, 0.3488953411579132, 20
3924, 3, 0.7310853004455566, 3
3925, 5, 0.6841869354248047, 5
3927, 5, 0.9766722917556763, 5
3928, 14, 0.9728109240531921, 14
3929, 19, 0.49807214736938477, 19
3930, 17, 0.7353699207305908, 17
3934, 9, 0.42057251930236816, 9
3935, 17, 0.37555474042892456, 17
3936, 29, 0.9242210984230042, 29
3938, 5, 0.9412698149681091, 5
394, 29, 0.40670284628868103, 29
3940, 13, 0.9994650483131409, 13
3943, 14, 0.5441551804542542, 14
3948, 22, 0.7222614288330078, 22
3950, 8, 0.9811702370643616, 8
3951, 24, 0.7953810691833496, 24
3953, 28, 0.31090331077575684, 28
3954, 8, 0.9998757839202881, 8
3956, 25, 0.379055917263031, 25
3957, 7, 0.4775647521018982, 7
3958, 29, 0.9590084552764893, 29
3959, 2, 0.8195450305938721, 2
396, 3, 0.38634195923805237, 3
3961, 19, 0.9995970129966736, 19
3962, 23, 0.9954407215118408, 23
3964, 7, 0.8873171210289001, 7
3967, 29, 0.8892723917961121, 29
3968, 19, 0.5708461999893188, 19
3969, 29, 0.9996371269226074, 29
3970, 17, 0.6552271246910095, 17
3973, 2, 0.4850695729255676, 2
3974, 11, 0.49410393834114075, 11
3975, 10, 0.9915059208869934, 10
3976, 24, 0.3369995653629303, 24
3978, 27, 1.0, 27
3979, 8, 0.8681683540344238, 8
3980, 3, 0.4216606616973877, 3
3981, 20, 0.5747531652450562, 20
3984, 29, 0.884911298751831, 29
3987, 29, 0.8484726548194885, 29
399, 29, 0.8368763327598572, 29
3991, 14, 0.5359318852424622, 14
3992, 23, 0.9999140501022339, 23
3995, 2, 0.4038033187389374, 2
3999, 19, 0.7772741317749023, 19
400, 13, 0.9877831339836121, 13
4000, 12, 0.9963269829750061, 12
4005, 9, 0.42090997099876404, 9
4007, 13, 0.9871838092803955, 13
4011, 3, 0.9163560271263123, 3
4012, 20, 0.9994524121284485, 20
4013, 19, 0.919884204864502, 19
4015, 22, 0.5657393336296082, 22
4017, 26, 0.7207152843475342, 26
4020, 11, 0.42584386467933655, 11
4024, 22, 0.8178566098213196, 22
4027, 3, 0.8868328928947449, 3
4028, 26, 0.9997227787971497, 26
4029, 6, 0.6298921704292297, 6
403, 23, 0.5640168786048889, 23
4030, 29, 0.9977545142173767, 29
4032, 26, 0.6282964944839478, 26
4033, 20, 0.9938791990280151, 20
4035, 16, 0.9425499439239502, 16
4037, 4, 0.5754548907279968, 4
4039, 9, 0.5155701637268066, 9
4041, 29, 0.7085821628570557, 29
4044, 11, 0.41928601264953613, 11
4045, 19, 0.9684513211250305, 19
4047, 8, 0.9895676970481873, 8
4049, 2, 0.9495022892951965, 2
4052, 2, 0.9866118431091309, 2
4053, 28, 0.812534749507904, 28
4054, 9, 0.9994534850120544, 9
4056, 19, 0.39754846692085266, 19
4058, 17, 0.2835580110549927, 17
4062, 11, 0.3899257779121399, 11
4063, 25, 0.7512186169624329, 25
4064, 29, 0.6317287683486938, 29
4065, 8, 0.9639543294906616, 8
4066, 20, 0.9047653675079346, 20
4068, 26, 0.8013729453086853, 26
407, 2, 0.9782624244689941, 2
4070, 14, 0.9691043496131897, 14
4071, 19, 0.9999959468841553, 19
4072, 27, 0.9999997615814209, 27
4074, 19, 0.6338090300559998, 19
4075, 26, 0.9911575317382812, 26
4076, 27, 0.4373058080673218, 27
4077, 16, 0.5535485744476318, 16
4079, 22, 0.6783120036125183, 22
4080, 11, 0.9881724715232849, 11
4081, 11, 0.8431382179260254, 11
4082, 1, 0.8850686550140381, 1
4085, 13, 0.7761329412460327, 13
4087, 24, 0.9714998602867126, 24
4088, 19, 0.8693815469741821, 19
4089, 19, 0.9433087706565857, 19
409, 29, 0.9801274538040161, 29
4091, 29, 0.9887464642524719, 29
4095, 25, 0.5832591652870178, 25
4096, 26, 0.39139240980148315, 26
4099, 28, 0.6785950660705566, 28
41, 26, 0.9929006099700928, 26
410, 11, 0.3244358003139496, 11
4100, 13, 0.9998724460601807, 13
4102, 22, 0.48322242498397827, 22
4103, 3, 0.6961929202079773, 3
4104, 8, 0.966408908367157, 8
4107, 14, 0.8938437104225159, 14
4108, 22, 0.8161184191703796, 22
4109, 2, 0.8747403621673584, 2
411, 8, 0.9826151132583618, 8
4110, 24, 0.604688286781311, 24
4111, 25, 0.5746796727180481, 25
4112, 6, 0.4328790307044983, 6
4114, 14, 0.8495373725891113, 14
4115, 16, 0.6039599180221558, 16
4117, 16, 0.9991683959960938, 16
4118, 2, 0.7206820249557495, 2
4121, 9, 0.9996641874313354, 9
4122, 19, 0.4896676540374756, 19
4124, 29, 0.9906755685806274, 29
4126, 29, 0.9717273116111755, 29
4127, 7, 0.9999402761459351, 7
4128, 24, 0.49208831787109375, 24
4129, 21, 0.4704943895339966, 21
413, 12, 0.9996751546859741, 12
4132, 29, 0.9703493714332581, 29
4135, 29, 0.8628259897232056, 29
4137, 29, 0.5555014610290527, 29
4138, 27, 0.909666121006012, 27
4139, 21, 0.295249342918396, 21
4142, 16, 0.2840414047241211, 16
4143, 13, 0.9906580448150635, 13
4148, 28, 0.5715994834899902, 28
4149, 29, 0.8127995729446411, 29
415, 16, 0.5513536930084229, 16
4150, 27, 1.0, 27
4154, 4, 0.754327654838562, 4
4158, 2, 0.43569841980934143, 2
4159, 10, 0.6467580199241638, 10
4162, 23, 0.993895947933197, 23
4167, 6, 0.7132673263549805, 6
4173, 3, 0.5505805611610413, 3
4177, 1, 0.8939981460571289, 1
4178, 3, 0.9951114058494568, 3
418, 22, 0.8080679178237915, 22
4181, 2, 0.9994648098945618, 2
4182, 23, 0.8641359806060791, 23
4183, 13, 0.7188292145729065, 13
4184, 29, 0.8799222707748413, 29
4185, 14, 0.4170302748680115, 14
4189, 4, 0.5829718112945557, 4
4194, 12, 0.5945525765419006, 12
4196, 19, 0.7420654296875, 19
4197, 7, 0.7699811458587646, 7
420, 16, 0.6649340391159058, 16
4202, 3, 0.9779750108718872, 3
4203, 18, 0.40205690264701843, 18
4206, 25, 0.34434816241264343, 25
4212, 29, 0.5123100876808167, 29
4213, 12, 0.5467590689659119, 12
4214, 9, 0.9648199677467346, 9
4216, 12, 0.7552862763404846, 12
4217, 12, 0.9643889665603638, 12
4225, 14, 0.2792408764362335, 14
4226, 13, 0.711919903755188, 13
4227, 26, 0.7359946370124817, 26
4229, 11, 0.9789295792579651, 11
423, 6, 0.560558557510376, 6
4230, 10, 0.9747865200042725, 10
4231, 11, 0.5764551162719727, 11
4234, 1, 0.5226448178291321, 1
4235, 12, 0.9976879358291626, 12
4238, 20, 0.3635500967502594, 20
4240, 28, 0.3305470943450928, 28
4241, 13, 0.3742760419845581, 13
4244, 25, 0.9483798146247864, 25
4245, 19, 0.9998515844345093, 19
4247, 19, 0.9966436624526978, 19
425, 29, 0.9996258020401001, 29
4252, 2, 0.997501790523529, 2
4254, 24, 0.5937222838401794, 24
4257, 24, 0.34791767597198486, 24
4260, 21, 0.41687893867492676, 21
4261, 11, 0.28101757168769836, 11
4262, 2, 0.9981381893157959, 2
4263, 11, 0.7428877353668213, 11
4264, 16, 0.9961590766906738, 16
4269, 16, 0.36142420768737793, 16
4273, 3, 0.9855294823646545, 3
4275, 21, 0.440878301858902, 21
4279, 9, 0.676935076713562, 9
428, 4, 0.795665979385376, 4
4283, 26, 0.9999421834945679, 26
4285, 10, 0.8722314238548279, 10
4286, 28, 0.7193320989608765, 28
4287, 8, 0.9854153394699097, 8
4289, 24, 0.5128276944160461, 24
429, 25, 0.9540437459945679, 25
4291, 22, 0.9990965127944946, 22
4292, 28, 0.8399789929389954, 28
4297, 27, 0.9999971389770508, 27
4298, 2, 0.6236070394515991, 2
4300, 12, 0.49620503187179565, 12
4301, 1, 0.6594129800796509, 1
4308, 14, 0.6598899960517883, 14
4310, 29, 0.9276859760284424, 29
4311, 19, 0.3819047808647156, 19
4313, 24, 0.9498022794723511, 24
4316, 1, 0.5877389311790466, 1
4318, 29, 0.9835184812545776, 29
4319, 3, 0.9825562238693237, 3
4320, 10, 0.7545439004898071, 10
4321, 22, 0.5746561884880066, 22
4323, 11, 0.9996746778488159, 11
4325, 11, 0.434232234954834, 11
4327, 10, 0.5509296655654907, 10
4332, 13, 0.9922102689743042, 13
4334, 4, 0.871841311454773, 4
4336, 29, 0.9063881635665894, 29
4337, 29, 0.503539502620697, 29
4340, 11, 0.8550664186477661, 11
4345, 21, 0.990453839302063, 21
4347, 11, 0.8648697733879089, 11
4348, 1, 0.5602232217788696, 1
4349, 25, 0.846403181552887, 25
4350, 14, 0.9288844466209412, 14
4352, 28, 0.35679325461387634, 28
4355, 16, 0.5543326735496521, 16
4356, 24, 0.545867383480072, 24
4357, 3, 0.841093897819519, 3
4358, 17, 0.3710179030895233, 17
4359, 26, 0.44657638669013977, 26
4361, 26, 0.9459018707275391, 26
4362, 29, 0.828596293926239, 29
4363, 23, 0.37356239557266235, 23
4365, 17, 0.4365381598472595, 17
4369, 14, 0.9270780086517334, 14
437, 5, 0.6788151860237122, 5
4372, 23, 0.9797198176383972, 23
4374, 21, 0.4374486804008484, 21
4375, 2, 0.5602582097053528, 2
438, 27, 0.933647096157074, 27
4383, 6, 0.7922118306159973, 6
4385, 9, 0.8520575761795044, 9
4386, 23, 0.8889707326889038, 23
439, 23, 0.8886290192604065, 23
4391, 12, 0.9591563940048218, 12
4392, 19, 0.48325294256210327, 19
4394, 26, 0.9982365369796753, 26
4395, 13, 0.796221911907196, 13
4396, 25, 0.5362831950187683, 25
4398, 1, 0.8616023659706116, 1
4399, 2, 0.9996169805526733, 2
440, 25, 0.5189782977104187, 25
4401, 27, 0.9980321526527405, 27
4403, 29, 0.37603989243507385, 29
4405, 29, 0.9838867783546448, 29
4406, 8, 0.565561056137085, 8
4407, 16, 0.8348610401153564, 16
441, 20, 0.9865278601646423, 20
4412, 4, 0.9938283562660217, 4
4413, 14, 0.7543694972991943, 14
4414, 18, 0.8564233779907227, 18
4415, 11, 0.9701308608055115, 11
4416, 10, 0.8607386946678162, 10
4418, 17, 0.6371978521347046, 17
4429, 5, 0.7063779234886169, 5
4431, 20, 0.2988997995853424, 20
4432, 27, 0.9655739665031433, 27
4433, 11, 0.9565958380699158, 11
4434, 4, 0.8663486838340759, 4
4435, 29, 0.350641131401062, 29
4437, 26, 0.9808989763259888, 26
4438, 23, 0.9803370833396912, 23
4441, 27, 0.5161614418029785, 27
4448, 10, 0.7665455937385559, 10
445, 5, 0.7758972644805908, 5
4451, 29, 0.974022626876831, 29
4452, 18, 0.7034246921539307, 18
4453, 25, 0.633052408695221, 25
4456, 12, 0.31891459226608276, 12
4457, 1, 0.588196873664856, 1
4458, 2, 0.6732193827629089, 2
4459, 12, 0.9298343062400818, 12
4469, 19, 0.9259096384048462, 19
447, 16, 0.4312354326248169, 16
4473, 25, 0.9806203842163086, 25
4476, 24, 0.9762696623802185, 24
4477, 14, 0.5109645128250122, 14
4478, 24, 0.9443892240524292, 24
4481, 29, 0.9101855754852295, 29
4484, 22, 0.6257467269897461, 22
4485, 3, 0.9955282807350159, 3
4487, 29, 0.8667009472846985, 29
4489, 16, 0.7855756878852844, 16
4494, 28, 0.4641166627407074, 28
4498, 29, 0.9619576334953308, 29
45, 17, 0.488384872674942, 17
4502, 24, 0.666374146938324, 24
4506, 7, 0.9783667922019958, 7
4508, 16, 0.7971410751342773, 16
451, 21, 0.4289799630641937, 21
4513, 23, 0.7920566201210022, 23
4515, 8, 0.91849285364151, 8
4516, 12, 0.6826586127281189, 12
4518, 29, 0.9530919194221497, 29
4519, 3, 0.9548623561859131, 3
4521, 26, 0.57465660572052, 26
4524, 29, 0.9398702383041382, 29
4526, 12, 0.9755579233169556, 12
4527, 16, 0.9058615565299988, 16
453, 7, 0.7783456444740295, 7
4533, 13, 0.8975709080696106, 13
4534, 7, 0.8795909881591797, 7
4535, 19, 0.9985527396202087, 19
4538, 29, 0.9997460246086121, 29
4539, 19, 0.5593338012695312, 19
4543, 8, 0.46115607023239136, 8
4544, 27, 0.5038771629333496, 27
4548, 21, 0.8452091813087463, 21
4549, 27, 0.48673415184020996, 27
4550, 23, 0.5300278067588806, 23
4551, 3, 0.46955716609954834, 3
4552, 2, 0.7320803999900818, 2
4554, 29, 0.6854583621025085, 29
4555, 19, 0.9072504043579102, 19
4556, 23, 0.5151360630989075, 23
4564, 28, 0.5118236541748047, 28
4565, 12, 0.3622349202632904, 12
4566, 22, 0.9893249869346619, 22
4567, 2, 0.9935988187789917, 2
4569, 5, 0.46590176224708557, 5
457, 19, 0.5937546491622925, 19
4570, 13, 0.9984666109085083, 13
4571, 1, 0.8679025769233704, 1
4572, 27, 0.9243696928024292, 27
4575, 7, 0.5527672171592712, 7
4579, 25, 0.7666890025138855, 25
4583, 6, 0.8133032917976379, 6
4584, 13, 0.9998257756233215, 13
4586, 13, 0.9948983788490295, 13
4587, 29, 0.9952834248542786, 29
459, 22, 0.3110876977443695, 22
4593, 22, 0.9919236302375793, 22
4594, 25, 0.6710900068283081, 25
4597, 2, 0.7573867440223694, 2
4599, 19, 0.9399405121803284, 19
46, 20, 0.9633288383483887, 20
4602, 27, 0.9712430834770203, 27
4603, 2, 0.9953957200050354, 2
4605, 13, 0.9973400235176086, 13
4608, 13, 0.999697208404541, 13
4609, 21, 0.6132380366325378, 21
4612, 27, 0.9588313102722168, 27
4613, 23, 0.8314029574394226, 23
4619, 16, 0.7031524181365967, 16
462, 2, 0.9958949089050293, 2
4621, 13, 0.9994738698005676, 13
4623, 11, 0.477464497089386, 11
4624, 6, 0.8621131777763367, 6
4627, 10, 0.977741003036499, 10
4629, 21, 0.7759132981300354, 21
463, 29, 0.8283324241638184, 29
4630, 17, 0.9576606154441833, 17
4631, 28, 0.9928959012031555, 28
4632, 12, 0.94881272315979, 12
4633, 26, 0.4296700060367584, 26
4635, 29, 0.9586002230644226, 29
464, 14, 0.9760454297065735, 14
4640, 11, 0.7988934516906738, 11
4641, 9, 0.40830156207084656, 9
4645, 27, 0.68442302942276, 27
4646, 9, 0.7411618828773499, 9
4647, 12, 0.9964834451675415, 12
4649, 19, 0.98456209897995, 19
465, 2, 0.9909790754318237, 2
4650, 17, 0.6545448303222656, 17
4651, 10, 0.4709811806678772, 10
4654, 7, 0.8566363453865051, 7
4655, 7, 0.8781271576881409, 7
4658, 29, 0.3354831337928772, 29
4659, 14, 0.8299769759178162, 14
4661, 4, 0.2745872735977173, 4
4662, 24, 0.5279198288917542, 24
4667, 27, 0.9710757732391357, 27
4668, 29, 0.6459658145904541, 29
4669, 24, 0.9860951900482178, 24
467, 13, 0.5705090761184692, 13
4673, 3, 0.4543420374393463, 3
4674, 29, 0.619684100151062, 29
4675, 10, 0.9771455526351929, 10
468, 12, 0.9807243347167969, 12
4680, 24, 0.8337929248809814, 24
4681, 22, 0.49787113070487976, 22
4682, 6, 0.9495241641998291, 6
4687, 20, 0.25164443254470825, 20
4692, 13, 0.9999508857727051, 13
4695, 12, 0.9811152219772339, 12
470, 29, 0.9709346294403076, 29
4700, 14, 0.21945880353450775, 14
4701, 19, 0.9634642004966736, 19
4702, 29, 0.9997336268424988, 29
4705, 5, 0.38873276114463806, 5
4706, 29, 0.8806796073913574, 29
4708, 17, 0.9471397995948792, 17
4714, 25, 0.978976845741272, 25
4715, 2, 0.9019590616226196, 2
4719, 19, 0.5735188126564026, 19
472, 11, 0.988402783870697, 11
4723, 29, 0.9433565139770508, 29
4725, 23, 0.6659297943115234, 23
4728, 14, 0.704479455947876, 14
4729, 5, 0.5198734402656555, 5
473, 12, 0.9181502461433411, 12
4730, 23, 0.992527961730957, 23
4733, 20, 0.9933359622955322, 20
4735, 22, 0.7053307294845581, 22
4737, 28, 0.5528637766838074, 28
4738, 6, 0.8116844892501831, 6
4739, 29, 0.9995219707489014, 29
4740, 4, 0.875568687915802, 4
4741, 13, 0.9998929500579834, 13
4742, 13, 0.911659836769104, 13
4744, 26, 0.9995471835136414, 26
4747, 25, 0.9354673624038696, 25
4750, 6, 0.2708856463432312, 6
4752, 8, 0.7942325472831726, 8
4756, 24, 0.6441971063613892, 24
4758, 20, 0.6983199715614319, 20
4761, 29, 0.8781604170799255, 29
4762, 20, 0.5022046566009521, 20
4767, 19, 0.9908259510993958, 19
4769, 2, 0.2529948651790619, 2
4770, 5, 0.7782288789749146, 5
4771, 8, 0.960343599319458, 8
4772, 7, 0.9996863603591919, 7
4773, 4, 0.3976333439350128, 4
4774, 27, 0.9706779718399048, 27
4775, 19, 0.7846807837486267, 19
4777, 29, 0.5409613251686096, 29
4778, 1, 0.8498838543891907, 1
4779, 25, 0.859521746635437, 25
478, 29, 0.9962097406387329, 29
4780, 10, 0.5333054065704346, 10
4781, 29, 0.770959734916687, 29
4782, 11, 0.5390998125076294, 11
4784, 14, 0.6297663450241089, 14
4787, 12, 0.4906923770904541, 12
4788, 29, 0.9404298663139343, 29
4789, 24, 0.6283115148544312, 24
4791, 12, 0.22680267691612244, 12
4792, 18, 0.7289327383041382, 18
4794, 13, 0.9987462759017944, 13
4795, 22, 0.9984579086303711, 22
4796, 3, 0.8432314991950989, 3
4802, 13, 0.830682098865509, 13
4803, 11, 0.9781696796417236, 11
4805, 27, 0.999691367149353, 27
4807, 23, 0.9999970197677612, 23
4811, 11, 0.9927549958229065, 11
4812, 21, 0.4369734823703766, 21
4817, 19, 0.7109634876251221, 19
4819, 21, 0.7231634855270386, 21
4820, 7, 0.9971829652786255, 7
4821, 2, 0.5768611431121826, 2
4824, 11, 0.8617744445800781, 11
4825, 21, 0.7227416038513184, 21
4826, 14, 0.9518395662307739, 14
4828, 25, 0.5129902958869934, 25
4829, 12, 0.7750310301780701, 12
483, 16, 0.8795634508132935, 16
4830, 16, 0.8012109994888306, 16
4833, 27, 0.9993257522583008, 27
4837, 14, 0.8886856436729431, 14
4838, 26, 0.5645558834075928, 26
484, 12, 0.43111440539360046, 12
4840, 19, 0.8656144142150879, 19
4842, 23, 0.572782576084137, 23
4843, 22, 0.8225441575050354, 22
4844, 11, 0.6291177272796631, 11
4845, 2, 0.9999904632568359, 2
4847, 26, 0.3582039773464203, 26
4851, 22, 0.8001909852027893, 22
4852, 27, 0.9999977350234985, 27
4854, 8, 0.2981036901473999, 8
486, 19, 0.9989402890205383, 19
4861, 12, 0.7949446439743042, 12
4863, 3, 0.7189905047416687, 3
4865, 22, 0.9954280853271484, 22
4866, 29, 0.9109087586402893, 29
4867, 10, 0.4135257601737976, 10
4868, 22, 0.6593591570854187, 22
487, 27, 0.9459806084632874, 27
4870, 7, 0.6530619263648987, 7
4871, 1, 0.6416276693344116, 1
4874, 3, 0.78939288854599, 3
4877, 23, 0.7861215472221375, 23
488, 20, 0.9468625783920288, 20
4880, 27, 0.9999732971191406, 27
4881, 16, 0.3684171736240387, 16
4882, 22, 0.683609127998352, 22
4884, 15, 0.7939620614051819, 15
4885, 13, 0.7093355655670166, 13
4886, 11, 0.9903985261917114, 11
489, 13, 0.9929283261299133, 13
4890, 13, 0.9809973239898682, 13
4891, 22, 0.15424557030200958, 22
4893, 16, 0.9687997102737427, 16
4898, 26, 0.6257160902023315, 26
4899, 29, 0.8406338095664978, 29
4905, 29, 0.8605371117591858, 29
4907, 9, 0.6996371150016785, 9
4908, 6, 0.6736798286437988, 6
491, 25, 0.9998213648796082, 25
4913, 23, 0.6149889826774597, 23
4914, 23, 0.8201756477355957, 23
4916, 10, 0.6182927489280701, 10
4919, 2, 0.4552716016769409, 2
492, 7, 0.41488203406333923, 7
4920, 20, 0.6106595993041992, 20
4921, 6, 0.6984128952026367, 6
4922, 12, 0.5784868001937866, 12
4924, 24, 0.8166514039039612, 24
4927, 9, 0.7267255187034607, 9
4928, 16, 0.8192922472953796, 16
4929, 25, 0.8725476861000061, 25
493, 26, 0.18557730317115784, 26
4930, 1, 0.9534096121788025, 1
4935, 3, 0.9914810657501221, 3
4939, 16, 0.5263012051582336, 16
494, 2, 0.42174145579338074, 2
4940, 18, 0.43761587142944336, 18
4942, 14, 0.9999701976776123, 14
4946, 17, 0.9524457454681396, 17
4949, 17, 0.38944417238235474, 17
4951, 29, 0.9998701810836792, 29
4952, 2, 0.9985613226890564, 2
4958, 22, 0.5595493912696838, 22
496, 3, 0.4063650667667389, 3
4960, 29, 0.8323348164558411, 29
4961, 28, 0.972773015499115, 28
4963, 2, 0.49693307280540466, 2
4965, 17, 0.9307133555412292, 17
4967, 3, 0.620451807975769, 3
4969, 7, 0.6923701167106628, 7
4971, 27, 0.4557130038738251, 27
4972, 16, 0.5726717710494995, 16
4973, 20, 0.957325279712677, 20
4976, 26, 0.958686351776123, 26
4978, 12, 0.9444676637649536, 12
4979, 25, 0.33099448680877686, 25
4981, 7, 0.9992324113845825, 7
4982, 19, 0.9998974800109863, 19
4983, 9, 0.5309497714042664, 9
4985, 28, 0.6798033118247986, 28
4988, 10, 0.9926829934120178, 10
4989, 16, 0.9673646688461304, 16
499, 27, 0.40213659405708313, 27
4991, 22, 0.856908917427063, 22
4997, 28, 0.6285433173179626, 28
4998, 1, 0.8259079456329346, 1
4999, 14, 0.9610878229141235, 14
50, 5, 0.5729821920394897, 5
500, 29, 0.5490299463272095, 29
5001, 11, 0.9969184398651123, 11
5003, 6, 0.7181105613708496, 6
5004, 5, 0.37908661365509033, 5
5006, 17, 0.4521905779838562, 17
501, 16, 0.8908095955848694, 16
5012, 26, 0.8561431765556335, 26
5013, 19, 0.9994646906852722, 19
5014, 5, 0.97236168384552, 5
5017, 1, 0.4465636909008026, 1
5019, 22, 0.9964112639427185, 22
502, 23, 0.9389682412147522, 23
5023, 3, 0.4735052287578583, 3
5024, 23, 0.49549737572669983, 23
5026, 22, 0.690727710723877, 22
5027, 4, 0.8931727409362793, 4
5030, 14, 0.9987391829490662, 14
5031, 25, 0.6750792860984802, 25
5033, 19, 0.9914649128913879, 19
5034, 14, 0.36206260323524475, 14
5035, 5, 0.7932851910591125, 5
5039, 21, 0.8863046169281006, 21
504, 11, 0.8598700165748596, 11
5043, 8, 0.9045736193656921, 8
5044, 12, 0.9999895095825195, 12
5046, 11, 0.7235613465309143, 11
5049, 25, 0.3385510742664337, 25
5050, 29, 0.9983263611793518, 29
5053, 12, 0.9499325156211853, 12
5055, 26, 0.5431160926818848, 26
5057, 22, 0.8654369115829468, 22
5060, 24, 0.3308309316635132, 24
5062, 11, 0.4814596474170685, 11
5063, 24, 0.7144948840141296, 24
5065, 17, 0.4522370398044586, 17
5067, 28, 0.7753225564956665, 28
5068, 22, 0.9972794651985168, 22
5070, 26, 0.6156972050666809, 26
5072, 7, 0.8304805755615234, 7
5073, 16, 0.7067816257476807, 16
5082, 27, 0.999997615814209, 27
5083, 7, 0.9689205288887024, 7
5084, 4, 0.9842532277107239, 4
5085, 14, 0.8744199872016907, 14
5086, 7, 0.6698207259178162, 7
5088, 9, 0.8168534636497498, 9
5089, 23, 0.9927356243133545, 23
509, 26, 0.579898476600647, 26
5090, 17, 0.7042110562324524, 17
5091, 29, 0.9997714161872864, 29
5093, 24, 0.4996482729911804, 24
5097, 6, 0.8094848990440369, 6
51, 11, 0.9903445839881897, 11
510, 11, 0.7247796654701233, 11
5100, 2, 0.5589624643325806, 2
5101, 27, 0.3718080222606659, 27
5102, 19, 0.9985824823379517, 19
5103, 12, 0.9239062666893005, 12
5107, 19, 0.4384087324142456, 19
5108, 22, 0.3646334707736969, 22
5109, 28, 0.4625006914138794, 28
5111, 5, 0.9008544683456421, 5
5115, 6, 0.33772778511047363, 6
5117, 21, 0.2649627923965454, 21
5118, 1, 0.5874742865562439, 1
5119, 26, 0.2766338884830475, 26
5121, 12, 0.6639612317085266, 12
5122, 22, 0.6147581338882446, 22
5124, 13, 0.9283844232559204, 13
5126, 1, 0.9912847280502319, 1
513, 3, 0.8574906587600708, 3
5130, 25, 0.6183834075927734, 25
5131, 12, 0.4304969608783722, 12
5132, 25, 0.5033226013183594, 25
5135, 26, 0.9999446868896484, 26
5136, 10, 0.23490947484970093, 10
5140, 27, 0.7553062438964844, 27
5142, 22, 0.7685852646827698, 22
5143, 24, 0.4747636914253235, 24
5144, 22, 0.9480512738227844, 22
5149, 22, 0.9726219773292542, 22
515, 21, 0.7210766077041626, 21
5150, 20, 0.8940603733062744, 20
5151, 13, 0.5836449861526489, 13
5153, 10, 0.3695528507232666, 10
5155, 2, 0.4979240298271179, 2
5160, 19, 0.9068815112113953, 19
5163, 2, 0.4546288549900055, 2
5165, 8, 0.47260066866874695, 8
5166, 7, 0.5106351375579834, 7
5167, 28, 0.6899319291114807, 28
5169, 16, 0.962039589881897, 16
5170, 16, 0.6481869220733643, 16
5171, 23, 0.6017113924026489, 23
5172, 25, 0.47809842228889465, 25
5173, 6, 0.4031890332698822, 6
5176, 10, 0.9427772164344788, 10
5177, 27, 0.6005696058273315, 27
5178, 7, 0.5426050424575806, 7
518, 27, 0.3767271637916565, 27
5181, 11, 0.9142332077026367, 11
5182, 29, 0.6218414902687073, 29
5186, 28, 0.676721453666687, 28
5189, 18, 0.6153393983840942, 18
519, 29, 0.6708903908729553, 29
5190, 12, 0.7130478620529175, 12
5191, 25, 0.9891749620437622, 25
5192, 4, 0.7781944870948792, 4
5195, 29, 0.7833743691444397, 29
5197, 28, 0.9504286646842957, 28
5199, 7, 0.8696185946464539, 7
52, 9, 0.6411292552947998, 9
520, 20, 0.376904159784317, 20
5200, 8, 0.36670392751693726, 8
5201, 13, 0.9938363432884216, 13
5203, 5, 0.23165473341941833, 5
5204, 25, 0.4542425870895386, 25
5205, 3, 0.6969915628433228, 3
5207, 13, 0.9997758269309998, 13
5208, 2, 0.6163509488105774, 2
5209, 12, 0.8034436106681824, 12
5211, 29, 0.9881899356842041, 29
5215, 2, 0.9998409748077393, 2
5216, 27, 0.9723037481307983, 27
5218, 17, 0.38959306478500366, 17
5219, 14, 0.9733896851539612, 14
522, 19, 0.9999324083328247, 19
5224, 21, 0.6099304556846619, 21
5225, 28, 0.47353044152259827, 28
5228, 18, 0.8629786372184753, 18
5231, 23, 0.9528051614761353, 23
5234, 21, 0.7750493884086609, 21
5237, 19, 0.9167844653129578, 19
5238, 15, 0.5875835418701172, 15
524, 26, 0.8297989964485168, 26
5240, 1, 0.6429621577262878, 1
5242, 13, 0.9924700260162354, 13
5249, 25, 0.5536555647850037, 25
525, 1, 0.45863011479377747, 1
5250, 18, 0.4139033854007721, 18
5251, 28, 0.4269225597381592, 28
5252, 24, 0.9956440925598145, 24
5253, 16, 0.3464820086956024, 16
5259, 14, 0.9587624669075012, 14
526, 28, 0.4608144760131836, 28
5260, 13, 0.28140369057655334, 13
5261, 14, 0.9669042825698853, 14
5262, 6, 0.310524582862854, 6
5266, 12, 0.8388355374336243, 12
5268, 11, 0.929581880569458, 11
527, 27, 0.9904270172119141, 27
5271, 12, 0.966869056224823, 12
5273, 10, 0.44676119089126587, 10
5274, 29, 0.9744011759757996, 29
5276, 19, 0.9679103493690491, 19
5278, 2, 0.9999921321868896, 2
5279, 5, 0.9424413442611694, 5
5281, 17, 0.9997779726982117, 17
5282, 17, 0.9356958866119385, 17
5283, 7, 0.9831117987632751, 7
5284, 24, 0.9139050245285034, 24
5287, 29, 0.874693751335144, 29
5289, 27, 1.0, 27
5299, 25, 0.889646053314209, 25
53, 25, 0.8791874647140503, 25
5300, 2, 0.9843496680259705, 2
5301, 25, 0.6550481915473938, 25
5306, 25, 0.9215609431266785, 25
5309, 26, 0.9878891110420227, 26
5311, 19, 0.9947210550308228, 19
5312, 22, 0.3757425546646118, 22
5313, 29, 0.994695246219635, 29
5316, 8, 0.9994189739227295, 8
5317, 12, 0.5225195288658142, 12
5320, 26, 0.3182089030742645, 26
5321, 29, 0.864730715751648, 29
5322, 29, 0.8067899346351624, 29
5323, 11, 0.7206695675849915, 11
5324, 4, 0.543332576751709, 4
5326, 24, 0.914993166923523, 24
5327, 10, 0.3181604743003845, 10
5329, 6, 0.92033451795578, 6
533, 13, 0.9998793601989746, 13
5336, 9, 0.9298040866851807, 9
5337, 17, 0.9988484382629395, 17
5338, 12, 0.3663651645183563, 12
5339, 22, 0.9188486933708191, 22
534, 29, 0.4282153248786926, 29
5340, 14, 0.9591009020805359, 14
5341, 2, 0.5840413570404053, 2
5344, 22, 0.9990705847740173, 22
5345, 19, 0.9588315486907959, 19
5347, 26, 0.5782642364501953, 26
5349, 4, 0.7827756404876709, 4
5352, 3, 0.9570497274398804, 3
5357, 19, 0.8091914057731628, 19
5358, 16, 0.41170430183410645, 16
536, 19, 0.5704940557479858, 19
5360, 20, 0.7281211614608765, 20
5363, 27, 0.9853119254112244, 27
5364, 24, 0.40755221247673035, 24
5368, 24, 0.9540121555328369, 24
537, 12, 0.6631600260734558, 12
5373, 29, 0.9852883219718933, 29
5375, 8, 0.5746033191680908, 8
5376, 18, 0.6522645354270935, 18
5379, 25, 0.8835145235061646, 25
5380, 21, 0.25194838643074036, 21
5385, 9, 0.9999473094940186, 9
5386, 13, 0.9152166843414307, 13
539, 6, 0.6602893471717834, 6
5393, 14, 0.5550897121429443, 14
5394, 19, 0.7212377190589905, 19
5395, 13, 0.999890923500061, 13
54, 29, 0.9565755724906921, 29
540, 8, 0.870794415473938, 8
5400, 29, 0.9172107577323914, 29
5401, 24, 0.6453568339347839, 24
5402, 25, 0.5741919279098511, 25
5404, 2, 0.5291937589645386, 2
5405, 4, 0.7720600962638855, 4
5406, 22, 0.5842506885528564, 22
5407, 11, 0.8704671859741211, 11
5408, 25, 0.9985120892524719, 25
5409, 11, 0.42702922224998474, 11
541, 16, 0.6516258716583252, 16
5410, 21, 0.8390668630599976, 21
5411, 4, 0.9881981015205383, 4
5412, 7, 0.990770161151886, 7
5413, 29, 0.9857542514801025, 29
5415, 12, 0.7353852391242981, 12
5416, 15, 0.9978097081184387, 15
5417, 8, 0.7885816693305969, 8
5418, 3, 0.9499509930610657, 3
542, 25, 0.38040539622306824, 25
5420, 19, 0.6494168043136597, 19
5421, 12, 0.5050609707832336, 12
5426, 11, 0.9729870557785034, 11
5427, 25, 0.766018271446228, 25
543, 2, 0.9998268485069275, 2
5430, 25, 0.8904672265052795, 25
5433, 13, 0.9957520961761475, 13
5436, 3, 0.6558123826980591, 3
5438, 29, 0.987047553062439, 29
5439, 29, 0.7202348113059998, 29
5440, 27, 0.9644864201545715, 27
5441, 5, 0.613427460193634, 5
5444, 22, 0.856165885925293, 22
5449, 26, 0.9988401532173157, 26
5450, 12, 0.8989109396934509, 12
5451, 20, 0.5375492572784424, 20
5453, 8, 0.7579435110092163, 8
5454, 18, 0.42916321754455566, 18
5455, 7, 0.5090726017951965, 7
5456, 27, 0.9998797178268433, 27
5457, 12, 0.9782277345657349, 12
5458, 29, 0.3956744968891144, 29
5459, 11, 0.9927250146865845, 11
5461, 24, 0.5408684015274048, 24
5462, 9, 0.8119596838951111, 9
5463, 3, 0.6428166627883911, 3
5464, 27, 0.9915120005607605, 27
5466, 3, 0.7025942206382751, 3
5467, 10, 0.853113055229187, 10
5468, 25, 0.991771399974823, 25
5469, 22, 0.9973793029785156, 22
5470, 21, 0.5370261669158936, 21
5472, 22, 0.6277531981468201, 22
5473, 29, 0.9877222776412964, 29
5475, 14, 0.9992179870605469, 14
5476, 29, 0.9277752637863159, 29
5479, 19, 0.6019363403320312, 19
5481, 24, 0.9839698672294617, 24
5483, 13, 0.8663569688796997, 13
5484, 27, 0.9999940395355225, 27
5487, 16, 0.344195157289505, 16
5489, 7, 0.5716020464897156, 7
5491, 27, 0.9999873638153076, 27
5492, 11, 0.5538327097892761, 11
5493, 29, 0.7124313712120056, 29
5494, 18, 0.7616122961044312, 18
5495, 24, 0.6173184514045715, 24
5496, 7, 0.6923551559448242, 7
5497, 21, 0.7176454067230225, 21
5499, 19, 0.7687458992004395, 19
550, 24, 0.9757406115531921, 24
5500, 3, 0.5942529439926147, 3
5501, 25, 0.5467149019241333, 25
5502, 20, 0.9995610117912292, 20
5503, 14, 0.776587724685669, 14
5505, 26, 0.7353003025054932, 26
5506, 29, 0.9235676527023315, 29
5507, 20, 0.758808970451355, 20
5509, 8, 0.9655940532684326, 8
5513, 22, 0.9723495244979858, 22
5514, 6, 0.9158809781074524, 6
5515, 28, 0.9758339524269104, 28
5517, 17, 0.3999377191066742, 17
5518, 9, 0.6110354065895081, 9
5519, 11, 0.6793774962425232, 11
5521, 28, 0.6427936553955078, 28
5522, 4, 0.40822601318359375, 4
5524, 10, 0.4457279145717621, 10
5525, 27, 0.9927206039428711, 27
5526, 25, 0.378457635641098, 25
5527, 24, 0.6469395756721497, 24
5531, 29, 0.9210481643676758, 29
5533, 14, 0.9252732992172241, 14
5535, 21, 0.4469316303730011, 21
5537, 11, 0.8852146863937378, 11
554, 22, 0.7494504451751709, 22
5541, 2, 0.5819987654685974, 2
5543, 22, 0.3498358130455017, 22
555, 7, 0.5175264477729797, 7
5550, 20, 0.8285598158836365, 20
5553, 19, 0.9941635727882385, 19
5554, 2, 0.9764037728309631, 2
5555, 19, 0.7966113090515137, 19
5557, 14, 0.4136525094509125, 14
5559, 16, 0.9999175071716309, 16
5560, 29, 0.9061352014541626, 29
5561, 10, 0.9891019463539124, 10
5562, 24, 0.5965638756752014, 24
5563, 20, 0.6845347285270691, 20
5564, 13, 0.6954758167266846, 13
5565, 27, 0.9999996423721313, 27
5566, 2, 0.783818781375885, 2
5568, 22, 0.6883151531219482, 22
5569, 4, 0.9206656217575073, 4
557, 23, 0.8436015844345093, 23
5570, 22, 0.5364378690719604, 22
5571, 14, 0.9928942322731018, 14
5572, 12, 0.7531498074531555, 12
5573, 2, 0.8932930827140808, 2
5574, 29, 0.5907458066940308, 29
5575, 29, 0.9999173879623413, 29
5580, 27, 0.27292177081108093, 27
5581, 4, 0.47719934582710266, 4
5583, 23, 0.47510597109794617, 23
5584, 23, 0.4830491244792938, 23
5585, 29, 0.7656734585762024, 29
5586, 8, 0.7935892939567566, 8
5587, 24, 0.9946739673614502, 24
559, 25, 0.985663115978241, 25
5590, 15, 0.4142501652240753, 15
5591, 26, 0.45068520307540894, 26
5594, 8, 0.9979333877563477, 8
5596, 16, 0.9904051423072815, 16
5598, 12, 0.9884814023971558, 12
5600, 17, 0.8810354471206665, 17
5602, 21, 0.5057745575904846, 21
5603, 22, 0.47043365240097046, 22
5604, 11, 0.6093237996101379, 11
5606, 19, 0.9979007244110107, 19
5607, 5, 0.9553200602531433, 5
5609, 14, 0.9584026336669922, 14
561, 13, 0.9932511448860168, 13
5611, 29, 0.5216389298439026, 29
5614, 9, 0.6792898178100586, 9
5615, 15, 0.7324416041374207, 15
5616, 19, 0.3768097758293152, 19
5617, 2, 0.7441511154174805, 2
5618, 2, 0.9988939166069031, 2
5619, 19, 0.32425257563591003, 19
562, 24, 0.5540947914123535, 24
5622, 8, 0.4860580861568451, 8
5623, 13, 0.8398418426513672, 13
5624, 19, 0.9921873807907104, 19
5626, 2, 0.9647058248519897, 2
5627, 16, 0.655304491519928, 16
5629, 24, 0.9972772002220154, 24
5630, 29, 0.5576794743537903, 29
5631, 29, 0.989635169506073, 29
5632, 23, 0.784773588180542, 23
5633, 27, 0.9997009038925171, 27
5634, 29, 0.9973233342170715, 29
5636, 20, 0.9913132786750793, 20
5637, 29, 0.46863752603530884, 29
5640, 18, 0.5871237516403198, 18
5641, 10, 0.4376527667045593, 10
5643, 8, 0.7653875946998596, 8
5644, 19, 0.95377516746521, 19
5648, 25, 0.9961282014846802, 25
565, 7, 0.4925611615180969, 7
5650, 22, 0.9538184404373169, 22
5652, 10, 0.8432425260543823, 10
5654, 26, 0.9943349957466125, 26
5655, 17, 0.9987195730209351, 17
5657, 22, 0.7622589468955994, 22
5659, 18, 0.4712238311767578, 18
566, 28, 0.6950029730796814, 28
5661, 11, 0.4338056743144989, 11
5662, 11, 0.5563912391662598, 11
5663, 3, 0.998777449131012, 3
5664, 29, 0.5967020392417908, 29
5665, 1, 0.5320610404014587, 1
5666, 12, 0.9858803153038025, 12
567, 29, 0.9882005453109741, 29
5674, 7, 0.9443939924240112, 7
5679, 9, 0.7586991786956787, 9
568, 13, 0.6309301853179932, 13
5681, 21, 0.9724035263061523, 21
5682, 3, 0.34912481904029846, 3
5684, 24, 0.9994920492172241, 24
5687, 13, 0.9093196392059326, 13
5689, 12, 0.7022593021392822, 12
5691, 4, 0.9734665155410767, 4
5696, 25, 0.5062222480773926, 25
5697, 23, 0.815978467464447, 23
5699, 22, 0.5750297904014587, 22
570, 2, 0.8929958939552307, 2
5700, 29, 0.9998403787612915, 29
5702, 12, 0.9529024362564087, 12
5706, 18, 0.5820410847663879, 18
5707, 25, 0.6847344040870667, 25
5708, 13, 0.9998705387115479, 13
5711, 2, 0.9935438632965088, 2
5712, 5, 0.5068374276161194, 5
5713, 19, 0.35976070165634155, 19
5714, 15, 0.849075973033905, 15
5717, 25, 0.9090914726257324, 25
5719, 2, 0.8549401760101318, 2
572, 23, 0.7908996343612671, 23
5720, 13, 0.515401303768158, 13
5721, 14, 0.4696738123893738, 14
5722, 1, 0.8358168601989746, 1
5724, 25, 0.4770343601703644, 25
5725, 4, 0.9063112735748291, 4
5726, 11, 0.3685881495475769, 11
5727, 19, 0.3018094301223755, 19
573, 25, 0.8676432967185974, 25
5730, 7, 0.7806135416030884, 7
5731, 14, 0.9999717473983765, 14
5733, 13, 0.9926533699035645, 13
5734, 4, 0.5129024386405945, 4
5735, 29, 0.9963588118553162, 29
5738, 12, 0.8093149662017822, 12
574, 27, 0.6793830990791321, 27
5741, 5, 0.8030713796615601, 5
5745, 2, 0.9852708578109741, 2
5746, 23, 0.6566252112388611, 23
5747, 23, 0.9989067316055298, 23
5748, 24, 0.7053698897361755, 24
5749, 27, 0.9277327656745911, 27
5750, 16, 0.4290054440498352, 16
5755, 20, 0.9233289361000061, 20
5757, 8, 0.9397118091583252, 8
5759, 19, 0.9762576222419739, 19
5760, 29, 0.9978703260421753, 29
5767, 23, 0.6046975255012512, 23
5769, 20, 0.9833552241325378, 20
5771, 25, 0.9862966537475586, 25
5773, 1, 0.9983211159706116, 1
5777, 8, 0.9966191053390503, 8
5778, 21, 0.4068731963634491, 21
5781, 22, 0.48081693053245544, 22
5783, 16, 0.9807587265968323, 16
5788, 20, 0.9999570846557617, 20
5791, 29, 0.7726209759712219, 29
5794, 17, 0.8615277409553528, 17
5798, 28, 0.9917118549346924, 28
580, 24, 0.27928680181503296, 24
5800, 14, 0.9997381567955017, 14
5801, 21, 0.3557821214199066, 21
5803, 23, 0.746513843536377, 23
5804, 19, 0.643951416015625, 19
5808, 3, 0.31077373027801514, 3
5809, 16, 0.4578661024570465, 16
5811, 29, 0.9121994376182556, 29
5813, 29, 0.9996705055236816, 29
5814, 25, 0.7922431826591492, 25
5816, 12, 0.9996542930603027, 12
5818, 7, 0.8620911240577698, 7
582, 27, 0.3780045211315155, 27
5823, 5, 0.38132908940315247, 5
5824, 7, 0.5560318231582642, 7
5826, 20, 0.8978428840637207, 20
5828, 26, 0.8257254958152771, 26
5829, 4, 0.9682401418685913, 4
583, 27, 0.41345083713531494, 27
5830, 29, 0.49917542934417725, 29
5831, 19, 0.9993150234222412, 19
5833, 2, 0.529191255569458, 2
5841, 23, 0.9835880994796753, 23
5844, 24, 0.824695348739624, 24
5845, 2, 0.9915271401405334, 2
5846, 27, 0.9876465797424316, 27
5848, 5, 0.6210086345672607, 5
585, 14, 0.5659797191619873, 14
5850, 17, 0.9515381455421448, 17
5851, 25, 0.4997171461582184, 25
5854, 11, 0.7941111326217651, 11
5855, 26, 0.43763482570648193, 26
5857, 13, 0.9999982118606567, 13
5859, 22, 0.9806822538375854, 22
5861, 8, 0.5023300647735596, 8
5863, 1, 0.3352159559726715, 1
5866, 13, 0.7845121622085571, 13
5868, 29, 0.6573173403739929, 29
5869, 11, 0.8032066822052002, 11
5870, 22, 0.9411066770553589, 22
5871, 12, 0.7483205199241638, 12
5872, 14, 0.3278873860836029, 14
5875, 20, 0.4450094997882843, 20
5877, 7, 0.6192304491996765, 7
5879, 29, 0.8525274395942688, 29
5881, 19, 0.7116442918777466, 19
5885, 12, 0.9788480997085571, 12
5886, 23, 0.7305472493171692, 23
5890, 11, 0.3294849097728729, 11
5891, 25, 0.9152576327323914, 25
5892, 20, 0.6334356069564819, 20
5893, 29, 0.9718800783157349, 29
5897, 5, 0.755813717842102, 5
5898, 14, 0.44694647192955017, 14
5899, 24, 0.6974529027938843, 24
590, 5, 0.43461912870407104, 5
5903, 22, 0.653319776058197, 22
5904, 14, 0.9805999398231506, 14
591, 25, 0.8833255767822266, 25
5911, 29, 0.9866794943809509, 29
5912, 22, 0.3816995918750763, 22
5914, 12, 0.8546987771987915, 12
5915, 19, 0.958756148815155, 19
5916, 25, 0.4996647834777832, 25
5917, 10, 0.4030006527900696, 10
5923, 7, 0.5697004795074463, 7
5925, 1, 0.8567578792572021, 1
5928, 23, 0.9540442824363708, 23
593, 28, 0.36664867401123047, 28
5931, 13, 0.9917511343955994, 13
5932, 26, 0.39815571904182434, 26
5933, 25, 0.5017727613449097, 25
5935, 13, 0.999434769153595, 13
5936, 3, 0.5245958566665649, 3
5937, 29, 0.2850298583507538, 29
5939, 2, 0.5944833159446716, 2
594, 20, 0.8507521152496338, 20
5940, 27, 0.46652841567993164, 27
5942, 22, 0.7010743618011475, 22
5944, 23, 0.315700888633728, 23
5946, 24, 0.6168703436851501, 24
5947, 2, 0.5950860381126404, 2
5950, 15, 0.9649885892868042, 15
5952, 1, 0.397209495306015, 1
5953, 17, 0.9860662817955017, 17
5954, 23, 0.47712454199790955, 23
5956, 16, 0.9672452807426453, 16
5959, 27, 0.9945542812347412, 27
5961, 23, 0.56893390417099, 23
5964, 12, 0.4199868440628052, 12
5965, 19, 0.6597716808319092, 19
5966, 20, 0.8746023178100586, 20
5967, 25, 0.7076611518859863, 25
5969, 29, 0.9729812145233154, 29
5974, 3, 0.969205379486084, 3
5977, 23, 0.5443330407142639, 23
598, 9, 0.7729815244674683, 9
5980, 29, 0.9968327879905701, 29
5985, 11, 0.9398431777954102, 11
5986, 23, 0.8606774210929871, 23
5988, 13, 0.9949859380722046, 13
599, 11, 0.5175605416297913, 11
5991, 17, 0.7517144083976746, 17
5992, 24, 0.9839406609535217, 24
5993, 9, 0.9789477586746216, 9
5994, 16, 0.9882746934890747, 16
5995, 19, 0.9936741590499878, 19
5997, 12, 0.7774450778961182, 12
5998, 21, 0.9902046918869019, 21
6, 26, 0.4372781217098236, 26
6000, 6, 0.9250330924987793, 6
605, 22, 0.49271470308303833, 22
609, 23, 0.45789244771003723, 23
612, 8, 0.6748718023300171, 8
613, 5, 0.9041062593460083, 5
614, 24, 0.9999978542327881, 24
616, 27, 0.6576502323150635, 27
617, 5, 0.35471847653388977, 5
618, 11, 0.5577167868614197, 11
622, 20, 0.41334232687950134, 20
623, 26, 0.9999980926513672, 26
625, 9, 0.4057050347328186, 9
626, 18, 0.7492480278015137, 18
627, 10, 0.9682307839393616, 10
629, 25, 0.705729603767395, 25
63, 19, 0.380784809589386, 19
630, 19, 0.7972654700279236, 19
631, 2, 0.9997920393943787, 2
634, 7, 0.7262551784515381, 7
636, 29, 0.9553833603858948, 29
637, 29, 0.8171390891075134, 29
64, 3, 0.33718058466911316, 3
640, 17, 0.6160389184951782, 17
641, 1, 0.9758055210113525, 1
645, 17, 0.9354996681213379, 17
647, 28, 0.5629066228866577, 28
650, 27, 0.9862427711486816, 27
654, 25, 0.9841039180755615, 25
656, 29, 0.9456763863563538, 29
658, 17, 0.9908428192138672, 17
659, 2, 0.7036702036857605, 2
660, 20, 0.9833353757858276, 20
661, 11, 0.970829427242279, 11
662, 20, 0.7254558801651001, 20
663, 22, 0.38007214665412903, 22
665, 27, 0.7539925575256348, 27
667, 8, 0.6286512613296509, 8
668, 2, 0.8389315009117126, 2
669, 14, 0.46783754229545593, 14
67, 7, 0.9590064883232117, 7
670, 23, 0.995415210723877, 23
673, 23, 0.9178940653800964, 23
675, 12, 0.8802008628845215, 12
678, 14, 0.6048157811164856, 14
68, 11, 0.8549575805664062, 11
680, 5, 0.6767275333404541, 5
683, 25, 0.6913972496986389, 25
684, 22, 0.5710381269454956, 22
685, 16, 0.9177135825157166, 16
687, 26, 0.8811915516853333, 26
691, 23, 0.5808137655258179, 23
693, 9, 0.9997075200080872, 9
697, 19, 0.3991493284702301, 19
7, 14, 0.25320202112197876, 14
70, 14, 0.3420718312263489, 14
701, 28, 0.9640891551971436, 28
702, 11, 0.8671268820762634, 11
705, 20, 0.42264121770858765, 20
71, 1, 0.9938522577285767, 1
710, 13, 0.9989713430404663, 13
711, 25, 0.8223203420639038, 25
712, 29, 0.627351701259613, 29
713, 25, 0.9234636425971985, 25
714, 2, 0.9999783039093018, 2
715, 3, 0.8447580337524414, 3
718, 12, 0.9772212505340576, 12
719, 27, 0.6744495034217834, 27
72, 19, 0.9939753413200378, 19
720, 18, 0.7356477975845337, 18
722, 29, 0.9823980927467346, 29
725, 15, 0.9846726059913635, 15
727, 2, 0.8311601877212524, 2
729, 20, 0.5036908984184265, 20
73, 22, 0.35074523091316223, 22
733, 27, 0.42485472559928894, 27
734, 13, 0.9193454384803772, 13
735, 22, 0.9992730021476746, 22
737, 19, 0.9506943821907043, 19
738, 20, 0.6164807677268982, 20
740, 27, 0.8386457562446594, 27
741, 8, 0.9542754292488098, 8
746, 29, 0.8400632739067078, 29
747, 16, 0.7140193581581116, 16
748, 29, 0.9983072280883789, 29
750, 5, 0.5819804668426514, 5
751, 10, 0.982636570930481, 10
753, 14, 0.6433199048042297, 14
754, 26, 0.6766963005065918, 26
755, 13, 0.797833263874054, 13
759, 18, 0.4726164937019348, 18
76, 13, 0.869615912437439, 13
762, 22, 0.8258877396583557, 22
764, 12, 0.5562292337417603, 12
769, 9, 0.9342672228813171, 9
770, 11, 0.8247021436691284, 11
771, 20, 0.9993005990982056, 20
772, 3, 0.9862923622131348, 3
775, 27, 0.6034563183784485, 27
776, 11, 0.36875608563423157, 11
778, 14, 0.9963078498840332, 14
78, 21, 0.7470806837081909, 21
780, 5, 0.9945527911186218, 5
782, 11, 0.5883567929267883, 11
783, 29, 0.9741045832633972, 29
785, 3, 0.4465107023715973, 3
786, 2, 0.43681374192237854, 2
787, 27, 0.35959145426750183, 27
790, 26, 0.9999370574951172, 26
793, 5, 0.9650260806083679, 5
794, 14, 0.9999024868011475, 14
796, 21, 0.8740483522415161, 21
797, 14, 0.8338671326637268, 14
8, 2, 0.9708687663078308, 2
802, 19, 0.8988122940063477, 19
804, 4, 0.9938259124755859, 4
806, 11, 0.9275526404380798, 11
807, 14, 0.9307523965835571, 14
808, 7, 0.9852153062820435, 7
811, 28, 0.8560914397239685, 28
812, 11, 0.9785635471343994, 11
814, 7, 0.9593111276626587, 7
819, 29, 0.9365851283073425, 29
82, 20, 0.8692910075187683, 20
820, 22, 0.5953860282897949, 22
821, 17, 0.9858011603355408, 17
825, 13, 0.999988317489624, 13
827, 12, 0.8214969635009766, 12
828, 11, 0.7775833010673523, 11
829, 9, 0.9167905449867249, 9
831, 8, 0.9503199458122253, 8
832, 27, 0.9995380640029907, 27
834, 22, 0.9998537302017212, 22
837, 29, 0.9908725619316101, 29
839, 29, 0.9990434050559998, 29
840, 3, 0.5108267068862915, 3
842, 24, 0.48421040177345276, 24
843, 9, 0.9977666139602661, 9
844, 20, 0.22243529558181763, 20
845, 23, 0.7632673978805542, 23
847, 12, 0.9605361223220825, 12
850, 24, 0.9714919924736023, 24
851, 18, 0.3251301646232605, 18
853, 18, 0.6250767707824707, 18
854, 11, 0.8314008116722107, 11
857, 23, 0.9664262533187866, 23
86, 29, 0.9903491735458374, 29
860, 26, 0.8384526371955872, 26
861, 7, 0.7361943125724792, 7
864, 27, 0.9958871006965637, 27
865, 4, 0.8687065243721008, 4
866, 20, 0.5064651370048523, 20
869, 11, 0.5019160509109497, 11
87, 19, 0.9555779695510864, 19
871, 16, 0.41074132919311523, 16
873, 5, 0.9258518815040588, 5
878, 9, 0.9966896772384644, 9
879, 17, 0.7975775599479675, 17
88, 29, 0.7067728638648987, 29
880, 3, 0.3135926127433777, 3
881, 29, 0.9595086574554443, 29
883, 27, 0.7322514057159424, 27
884, 5, 0.9906046986579895, 5
886, 22, 0.9419615864753723, 22
890, 13, 0.9877166152000427, 13
892, 20, 0.8420439958572388, 20
893, 6, 0.2831028997898102, 6
896, 1, 0.5303038954734802, 1
898, 6, 0.832544207572937, 6
90, 8, 0.9635298252105713, 8
900, 1, 0.3814929723739624, 1
901, 11, 0.4897041618824005, 11
902, 14, 0.45068636536598206, 14
904, 21, 0.9281811714172363, 21
905, 10, 0.7513866424560547, 10
906, 19, 0.9913681149482727, 19
907, 22, 0.3339278995990753, 22
908, 19, 0.6917017102241516, 19
91, 29, 0.6886792778968811, 29
910, 17, 0.36908096075057983, 17
911, 4, 0.8037075996398926, 4
916, 14, 0.72640061378479, 14
917, 1, 0.9645419716835022, 1
918, 4, 0.39560627937316895, 4
919, 11, 0.8008753657341003, 11
922, 16, 0.9969197511672974, 16
924, 23, 0.7951816320419312, 23
926, 12, 0.726342499256134, 12
930, 23, 0.7696274518966675, 23
931, 13, 0.997666597366333, 13
932, 29, 0.33180293440818787, 29
933, 29, 0.9675019979476929, 29
936, 26, 0.9742299318313599, 26
937, 27, 0.9707782864570618, 27
938, 3, 0.7775917649269104, 3
939, 6, 0.4480125308036804, 6
940, 9, 0.9987874627113342, 9
943, 8, 0.871704638004303, 8
947, 19, 0.7478891611099243, 19
948, 11, 0.7055321931838989, 11
949, 14, 0.9998244643211365, 14
95, 24, 0.9413459897041321, 24
950, 1, 0.4457358717918396, 1
954, 10, 0.9920943379402161, 10
955, 16, 0.6224603652954102, 16
958, 29, 0.9221310019493103, 29
959, 17, 0.8292355537414551, 17
960, 24, 0.8980663418769836, 24
962, 19, 0.6300551891326904, 19
964, 14, 0.7439785003662109, 14
966, 22, 0.49150383472442627, 22
969, 19, 0.5539613962173462, 19
97, 20, 0.6965191960334778, 20
973, 28, 0.999285876750946, 28
974, 6, 0.2782791256904602, 6
975, 21, 0.5641103982925415, 21
