10, 27, 0.85103839635849, 27
100, 10, 0.7125067114830017, 10
1000, 25, 0.36079084873199463, 25
1001, 20, 0.6176313757896423, 20
1004, 6, 0.8122629523277283, 6
1005, 29, 0.4532437324523926, 29
1006, 1, 0.6459683775901794, 1
1007, 14, 0.8424351811408997, 14
1009, 22, 0.46793264150619507, 22
1012, 9, 0.6247344613075256, 9
1013, 19, 0.9158229827880859, 19
1014, 27, 0.9999938011169434, 27
1017, 16, 0.8822606801986694, 16
1019, 23, 0.8592725396156311, 23
1020, 10, 0.8500107526779175, 10
1021, 29, 0.9353938102722168, 29
1024, 11, 0.4463024437427521, 11
1025, 18, 0.9845539331436157, 18
1027, 3, 0.978226363658905, 3
1029, 26, 0.601059079170227, 26
103, 15, 0.8876267671585083, 15
1030, 14, 0.9977458119392395, 14
1033, 22, 0.9083726406097412, 22
1034, 29, 0.9795916676521301, 29
1035, 5, 0.6470540761947632, 5
1037, 13, 0.46941113471984863, 13
1039, 4, 0.7387185096740723, 4
104, 19, 0.9023724794387817, 19
1044, 26, 0.8912930488586426, 26
1046, 6, 0.444845974445343, 6
1048, 25, 0.8711037635803223, 25
1049, 26, 0.6057369112968445, 26
1050, 7, 0.992280900478363, 7
1056, 21, 0.9512806534767151, 21
1058, 8, 0.47749394178390503, 8
1059, 24, 0.8310579061508179, 24
106, 22, 0.7784987092018127, 22
1060, 29, 0.7894091606140137, 29
1062, 5, 0.5844950079917908, 5
1063, 27, 0.8504644632339478, 27
1064, 10, 0.26008352637290955, 10
1070, 27, 0.9999897480010986, 27
1073, 7, 0.913687527179718, 7
1074, 17, 0.35758960247039795, 17
1075, 29, 0.5070692896842957, 29
1077, 21, 0.7422105073928833, 21
1078, 4, 0.8480015993118286, 4
1079, 18, 0.9968782663345337, 18
1080, 29, 0.9277440905570984, 29
1084, 24, 0.8727221488952637, 24
1085, 11, 0.7417616248130798, 11
1086, 14, 0.8869194984436035, 14
1087, 6, 0.9712615013122559, 6
1088, 20, 0.9221211671829224, 20
1091, 8, 0.6987494826316833, 8
1092, 19, 0.4960973858833313, 19
1093, 8, 0.6395195126533508, 8
1095, 7, 0.3307190239429474, 7
1096, 1, 0.9679955840110779, 1
1097, 24, 0.7345139980316162, 24
1100, 1, 0.36053821444511414, 1
1102, 24, 0.8544573187828064, 24
1104, 14, 0.9853096604347229, 14
1105, 25, 0.89722740650177, 25
1106, 2, 0.853830873966217, 2
1112, 1, 0.5713026523590088, 1
1113, 7, 0.9545626640319824, 7
1115, 25, 0.32829079031944275, 25
1116, 29, 0.9938690066337585, 29
1119, 17, 0.9443549513816833, 17
1121, 25, 0.44904741644859314, 25
1122, 12, 0.6165302395820618, 12
1128, 22, 0.2744470238685608, 22
1129, 5, 0.6010056734085083, 5
113, 9, 0.975281834602356, 9
1131, 22, 0.9536501169204712, 22
1136, 28, 0.8763448596000671, 28
1138, 11, 0.9971736669540405, 11
1139, 6, 0.631306529045105, 6
114, 9, 0.6022128462791443, 9
1141, 20, 0.7748811841011047, 20
1142, 26, 0.9999507665634155, 26
1145, 22, 0.4756883978843689, 22
1146, 6, 0.2000323385000229, 6
1147, 12, 0.9954108595848083, 12
1151, 17, 0.9312859773635864, 17
1152, 20, 0.999167799949646, 20
1154, 28, 0.5419641733169556, 28
1158, 25, 0.994732141494751, 25
1159, 5, 0.9807934761047363, 5
1163, 23, 0.6786565780639648, 23
1166, 24, 0.9762544631958008, 24
1168, 8, 0.968860924243927, 8
1169, 14, 0.9742916226387024, 14
117, 15, 0.9398866891860962, 15
1173, 17, 0.9861056208610535, 17
1178, 29, 0.6213073134422302, 29
118, 24, 0.8975011110305786, 24
1180, 20, 0.8083953857421875, 20
1183, 27, 0.3812462389469147, 27
1185, 2, 0.9985322952270508, 2
1186, 5, 0.7082681059837341, 5
1187, 22, 0.41498902440071106, 22
1189, 7, 0.8991736769676208, 7
119, 29, 0.9992254972457886, 29
1190, 1, 0.99136883020401, 1
1191, 20, 0.5926027894020081, 20
1194, 20, 0.4077437222003937, 20
1196, 13, 0.9770107269287109, 13
1197, 29, 0.9459599256515503, 29
1199, 7, 0.9762380123138428, 7
12, 9, 0.5219129920005798, 9
1201, 29, 0.9211528897285461, 29
1202, 13, 0.9933886528015137, 13
1204, 2, 0.4645804166793823, 2
1209, 16, 0.6711962223052979, 16
121, 21, 0.3761683404445648, 21
1210, 10, 0.5529195070266724, 10
1213, 6, 0.998214602470398, 6
1214, 29, 0.7936949729919434, 29
1217, 8, 0.41471269726753235, 8
1220, 17, 0.9696347713470459, 17
1221, 4, 0.4953112304210663, 4
1222, 29, 0.9143508076667786, 29
1225, 29, 0.9898906946182251, 29
1226, 14, 0.809842050075531, 14
1229, 22, 0.48345208168029785, 22
123, 2, 0.42774954438209534, 2
1230, 20, 0.3859272599220276, 20
1231, 27, 0.5648353099822998, 27
1232, 25, 0.3828764855861664, 25
1236, 25, 0.6271796226501465, 25
1238, 27, 0.9999998807907104, 27
124, 22, 0.4207087755203247, 22
1240, 28, 0.41305607557296753, 28
1241, 19, 0.2646994888782501, 19
1244, 9, 0.7161232829093933, 9
1245, 11, 0.6960382461547852, 11
1248, 24, 0.7307913899421692, 24
1249, 19, 0.88716059923172, 19
1250, 25, 0.7949041724205017, 25
1251, 29, 0.8556393980979919, 29
1253, 10, 0.40404683351516724, 10
1254, 14, 0.9810725450515747, 14
1256, 13, 0.9993808269500732, 13
1257, 22, 0.9836892485618591, 22
1259, 17, 0.8502628207206726, 17
126, 14, 0.9792852997779846, 14
1261, 29, 0.305483341217041, 29
1262, 19, 0.7071792483329773, 19
1267, 2, 0.9997259974479675, 2
1268, 22, 0.9720128774642944, 22
127, 16, 0.2279483824968338, 16
1270, 19, 0.9999966621398926, 19
1271, 11, 0.7522228956222534, 11
1274, 19, 0.6033740639686584, 19
1275, 22, 0.2078806757926941, 22
1277, 25, 0.9239062666893005, 25
128, 29, 0.9398534297943115, 29
1284, 19, 0.4135158360004425, 19
1285, 29, 0.9975759387016296, 29
1287, 24, 0.9971898198127747, 24
1288, 12, 0.9911079406738281, 12
129, 23, 0.958396852016449, 23
1291, 13, 0.9914584755897522, 13
1294, 29, 0.9893636703491211, 29
1299, 27, 0.9492422938346863, 27
1301, 14, 0.9999138116836548, 14
1303, 29, 0.9664203524589539, 29
1309, 11, 0.970508873462677, 11
131, 10, 0.9877551198005676, 10
1310, 12, 0.9597572088241577, 12
1313, 13, 0.9999457597732544, 13
1314, 9, 0.570803165435791, 9
1316, 24, 0.9701537489891052, 24
1317, 7, 0.5022225379943848, 7
1319, 14, 0.9590720534324646, 14
132, 29, 0.9888235926628113, 29
1320, 17, 0.9327802062034607, 17
1321, 26, 0.991132915019989, 26
1327, 8, 0.516029953956604, 8
133, 27, 0.7432777285575867, 27
1331, 8, 0.5050743222236633, 8
1337, 3, 0.868076503276825, 3
1339, 14, 0.8024694323539734, 14
1340, 14, 0.7404378056526184, 14
1342, 21, 0.4769425690174103, 21
1343, 27, 0.8649802803993225, 27
1344, 20, 0.9957305788993835, 20
1349, 17, 0.8956292867660522, 17
1350, 14, 0.43911606073379517, 14
1351, 12, 0.301633358001709, 12
1355, 29, 0.8229931592941284, 29
1356, 26, 0.999855637550354, 26
1358, 14, 0.6517462134361267, 14
1363, 24, 0.7609849572181702, 24
1366, 28, 0.675532877445221, 28
1367, 22, 0.9992296695709229, 22
1369, 10, 0.7750089168548584, 10
137, 18, 0.8550254702568054, 18
1371, 12, 0.5238581895828247, 12
1372, 11, 0.8620697259902954, 11
1373, 11, 0.4819936156272888, 11
1375, 16, 0.8796838521957397, 16
1378, 5, 0.8396413326263428, 5
1379, 19, 0.9538840651512146, 19
1380, 16, 0.5485478639602661, 16
1381, 16, 0.23029035329818726, 16
1382, 20, 0.8047176599502563, 20
1384, 6, 0.7636739015579224, 6
1386, 10, 0.8143548965454102, 10
1388, 3, 0.4282337427139282, 3
1389, 10, 0.5891292095184326, 10
1391, 21, 0.6764512062072754, 21
1392, 11, 0.3851027488708496, 11
1393, 24, 0.8226134181022644, 24
1396, 13, 0.7863702178001404, 13
1397, 24, 0.6427019834518433, 24
1398, 22, 0.5319648385047913, 22
14, 29, 0.6496656537055969, 29
1400, 26, 0.990597665309906, 26
1401, 14, 0.989591658115387, 14
1403, 13, 0.9761850237846375, 13
1404, 29, 0.916869044303894, 29
1407, 1, 0.5427849292755127, 1
1408, 13, 0.9970242381095886, 13
141, 20, 0.9994840621948242, 20
1411, 3, 0.5548556447029114, 3
1416, 19, 0.4090113639831543, 19
1417, 17, 0.4669981896877289, 17
142, 24, 0.8069536685943604, 24
1420, 7, 0.9897805452346802, 7
1422, 29, 0.8998233079910278, 29
1423, 4, 0.6629632115364075, 4
1424, 21, 0.5478238463401794, 21
1425, 27, 0.9664132595062256, 27
1428, 2, 0.9872685074806213, 2
143, 16, 0.8333793878555298, 16
1432, 1, 0.7227384448051453, 1
1434, 5, 0.7087222933769226, 5
1435, 18, 0.7349337935447693, 18
1436, 11, 0.4468909502029419, 11
1439, 3, 0.45747384428977966, 3
1443, 17, 0.640251100063324, 17
1444, 19, 0.9799522757530212, 19
1445, 7, 0.5884431004524231, 7
1449, 18, 0.9323522448539734, 18
145, 12, 0.7372233271598816, 12
1451, 16, 0.808351993560791, 16
1453, 26, 0.9999754428863525, 26
1454, 25, 0.7766778469085693, 25
1455, 22, 0.7211039066314697, 22
1457, 2, 0.9907572865486145, 2
1459, 12, 0.4255378842353821, 12
1461, 6, 0.4991646707057953, 6
1462, 26, 0.9613559246063232, 26
1465, 1, 0.4207417368888855, 1
1466, 5, 0.7075772285461426, 5
1467, 18, 0.8549112677574158, 18
1469, 19, 0.3384275734424591, 19
147, 22, 0.29663315415382385, 22
1472, 6, 0.6488845944404602, 6
1475, 17, 0.46594712138175964, 17
1476, 14, 0.9774078726768494, 14
1477, 29, 0.9676534533500671, 29
1480, 2, 0.7456929087638855, 2
1481, 23, 0.9998774528503418, 23
1482, 24, 0.9995410442352295, 24
1484, 21, 0.7441385388374329, 21
1485, 25, 0.8949633836746216, 25
1488, 22, 0.6471192240715027, 22
1490, 2, 0.9172709584236145, 2
1491, 29, 0.8119924664497375, 29
1492, 26, 0.37029558420181274, 26
1493, 29, 0.6781167984008789, 29
1495, 5, 0.9911696910858154, 5
1499, 22, 0.6557061672210693, 22
1501, 7, 0.7533484697341919, 7
1503, 12, 0.3311372697353363, 12
1504, 4, 0.5868777632713318, 4
1506, 7, 0.9023533463478088, 7
151, 29, 0.5977144837379456, 29
1511, 19, 0.9987092018127441, 19
1512, 28, 0.2598605751991272, 28
1514, 29, 0.942365288734436, 29
1515, 21, 0.481343150138855, 21
1516, 9, 0.5208848118782043, 9
1521, 13, 0.999998927116394, 13
1526, 25, 0.9752964973449707, 25
1527, 16, 0.6701679825782776, 16
1528, 6, 0.5876159071922302, 6
1529, 9, 0.9891447424888611, 9
1531, 27, 0.37009966373443604, 27
1533, 6, 0.7254669070243835, 6
1535, 9, 0.9952974915504456, 9
1536, 11, 0.8340075612068176, 11
1537, 29, 0.8055377006530762, 29
1538, 7, 0.46886110305786133, 7
1539, 23, 0.49605631828308105, 23
1542, 25, 0.7380973100662231, 25
1543, 24, 0.9946048855781555, 24
1544, 20, 0.8737110495567322, 20
1546, 25, 0.6708889603614807, 25
1548, 15, 0.6418391466140747, 15
1550, 20, 0.9579726457595825, 20
1558, 24, 0.9520573616027832, 24
156, 13, 0.9986248016357422, 13
1560, 2, 0.7439510226249695, 2
1561, 27, 1.0, 27
1562, 26, 0.9999610185623169, 26
1563, 23, 0.9999899864196777, 23
1564, 12, 0.35364580154418945, 12
1569, 26, 0.4274851083755493, 26
157, 29, 0.828387439250946, 29
1571, 1, 0.8315542936325073, 1
1572, 6, 0.9948747754096985, 6
1573, 19, 0.706126868724823, 19
1574, 2, 0.9991047978401184, 2
1575, 6, 0.412460595369339, 6
1579, 25, 0.9208093285560608, 25
158, 29, 0.45208221673965454, 29
1580, 14, 0.660534679889679, 14
1582, 8, 0.9553980827331543, 8
1583, 12, 0.4624294936656952, 12
1585, 7, 0.6527172923088074, 7
1586, 12, 0.5684437155723572, 12
159, 21, 0.3683864176273346, 21
1590, 16, 0.6538149118423462, 16
1591, 2, 0.3103630244731903, 2
1592, 25, 0.8651960492134094, 25
1593, 3, 0.9968145489692688, 3
1594, 22, 0.43610233068466187, 22
1596, 23, 0.5191584229469299, 23
1598, 11, 0.5432630777359009, 11
16, 13, 0.6244150400161743, 13
160, 29, 0.8864076137542725, 29
1600, 14, 0.9496085047721863, 14
1601, 25, 0.9010320901870728, 25
1602, 2, 0.3619644343852997, 2
1603, 12, 0.9959709048271179, 12
1604, 27, 0.9999984502792358, 27
1606, 29, 0.9949695467948914, 29
1609, 26, 0.9898512363433838, 26
161, 9, 0.5743277668952942, 9
1610, 10, 0.6782056093215942, 10
1611, 29, 0.9465724229812622, 29
1612, 2, 0.9987188577651978, 2
1613, 10, 0.3971691429615021, 10
1614, 6, 0.7985022068023682, 6
1615, 18, 0.39764493703842163, 18
1619, 14, 0.9999988079071045, 14
162, 11, 0.5385469198226929, 11
1620, 25, 0.8994084596633911, 25
1621, 19, 0.989557683467865, 19
1622, 28, 0.6290851831436157, 28
1623, 24, 0.9993869066238403, 24
1626, 5, 0.4630300998687744, 5
1627, 25, 0.9993093013763428, 25
1628, 29, 0.9335064888000488, 29
163, 8, 0.7161547541618347, 8
1633, 8, 0.536618173122406, 8
1634, 24, 0.9622896313667297, 24
1635, 24, 0.5974209308624268, 24
1638, 2, 0.8221887946128845, 2
1639, 27, 0.9996211528778076, 27
164, 13, 0.999862790107727, 13
1641, 3, 0.8948550224304199, 3
1642, 26, 0.3921196162700653, 26
1643, 6, 0.4104977548122406, 6
1644, 12, 0.9999953508377075, 12
1645, 26, 0.5413846373558044, 26
1647, 28, 0.877400279045105, 28
165, 29, 0.9416868090629578, 29
1657, 3, 0.9478276371955872, 3
1659, 19, 0.9896352887153625, 19
1660, 11, 0.3502013385295868, 11
1661, 26, 0.40891483426094055, 26
1662, 22, 0.5730258822441101, 22
1664, 12, 0.7238268852233887, 12
1665, 17, 0.6946933269500732, 17
1666, 7, 0.4045267105102539, 7
1667, 4, 0.40835246443748474, 4
1668, 14, 0.4974418580532074, 14
1669, 11, 0.9675983190536499, 11
167, 7, 0.5929487347602844, 7
1672, 10, 0.9630308151245117, 10
1675, 5, 0.9954333901405334, 5
1677, 11, 0.9178397059440613, 11
1678, 11, 0.6745749115943909, 11
1679, 16, 0.9994657635688782, 16
168, 4, 0.8637641668319702, 4
1681, 25, 0.7402909994125366, 25
1685, 29, 0.38041868805885315, 29
1687, 20, 0.9994749426841736, 20
1688, 29, 0.9999468326568604, 29
1689, 24, 0.9998218417167664, 24
1691, 11, 0.37692561745643616, 11
1694, 3, 0.6879810690879822, 3
1696, 27, 0.4622926115989685, 27
1698, 15, 0.5199338793754578, 15
1699, 3, 0.4436533451080322, 3
170, 27, 1.0, 27
1700, 1, 0.7805492281913757, 1
1701, 28, 0.8717474937438965, 28
1702, 23, 0.9864354729652405, 23
1703, 22, 0.5113426446914673, 22
1704, 22, 0.9812963604927063, 22
1705, 22, 0.9952582716941833, 22
1706, 19, 0.9994891881942749, 19
1707, 25, 0.43384507298469543, 25
1708, 21, 0.4935939908027649, 21
1712, 6, 0.8474342226982117, 6
1716, 8, 0.511104166507721, 8
1718, 17, 0.7405649423599243, 17
1719, 5, 0.9999319314956665, 5
1720, 19, 0.8560561537742615, 19
1721, 16, 0.7589629292488098, 16
1722, 8, 0.4735599160194397, 8
1724, 13, 0.9936774373054504, 13
1725, 10, 0.3400890529155731, 10
1726, 24, 0.6045344471931458, 24
173, 7, 0.6121643781661987, 7
1731, 29, 0.769496738910675, 29
1733, 2, 0.8937734365463257, 2
1735, 29, 0.9748251438140869, 29
1738, 11, 0.9901157021522522, 11
1740, 2, 0.5392485857009888, 2
1743, 12, 0.6584752202033997, 12
1744, 14, 0.8722582459449768, 14
1745, 19, 0.9518315196037292, 19
1753, 7, 0.9650232195854187, 7
1754, 21, 0.4979289472103119, 21
1759, 9, 0.5210447311401367, 9
176, 25, 0.43049728870391846, 25
1761, 9, 0.9288221597671509, 9
1763, 26, 0.9998849630355835, 26
1765, 9, 0.28884679079055786, 9
1766, 27, 0.999998927116394, 27
1767, 10, 0.5554012656211853, 10
1768, 2, 0.9637394547462463, 2
1771, 14, 0.7283905148506165, 14
1774, 19, 0.9955325126647949, 19
1777, 1, 0.8817102313041687, 1
1778, 12, 0.9651057124137878, 12
1781, 17, 0.791096031665802, 17
1782, 27, 0.9999978542327881, 27
1783, 6, 0.6105360984802246, 6
1784, 3, 0.9730033278465271, 3
1785, 17, 0.916100025177002, 17
1786, 7, 0.9987861514091492, 7
1787, 2, 0.9815686941146851, 2
1789, 18, 0.47745341062545776, 18
1790, 10, 0.9926254153251648, 10
1791, 18, 0.4806663393974304, 18
1793, 5, 0.489200621843338, 5
1796, 26, 0.9980998635292053, 26
1799, 13, 0.9999923706054688, 13
18, 21, 0.35269153118133545, 21
180, 2, 0.7133751511573792, 2
1800, 3, 0.4803745448589325, 3
1801, 18, 0.6078934669494629, 18
1802, 4, 0.4597751796245575, 4
1804, 26, 0.9998369216918945, 26
1807, 5, 0.4810978174209595, 5
1809, 14, 0.42223700881004333, 14
1810, 11, 0.9133434295654297, 11
1813, 29, 0.933479368686676, 29
1815, 25, 0.5155708193778992, 25
1817, 17, 0.9908682107925415, 17
182, 11, 0.9265847206115723, 11
1820, 16, 0.9299356341362, 16
1824, 22, 0.9178829193115234, 22
1825, 21, 0.3795420527458191, 21
1826, 21, 0.35034650564193726, 21
1828, 12, 0.6360231637954712, 12
183, 25, 0.9651615619659424, 25
1832, 10, 0.5713173747062683, 10
1833, 9, 0.7719435095787048, 9
1834, 26, 0.9999942779541016, 26
1835, 23, 0.6639490127563477, 23
1837, 17, 0.42183852195739746, 17
1838, 13, 0.5327242016792297, 13
1839, 2, 0.522465169429779, 2
1842, 13, 0.3849865794181824, 13
1843, 25, 0.8748787045478821, 25
1845, 27, 0.7308263778686523, 27
1846, 27, 1.0, 27
1847, 5, 0.9623528122901917, 5
1848, 14, 0.9995476603507996, 14
1849, 2, 0.9973829388618469, 2
185, 19, 0.9420680403709412, 19
1852, 3, 0.9268828630447388, 3
1854, 20, 0.5419188737869263, 20
1855, 13, 0.9984594583511353, 13
1856, 1, 0.4547370970249176, 1
186, 24, 0.7378730773925781, 24
1862, 10, 0.666121780872345, 10
1863, 14, 0.9451095461845398, 14
1864, 5, 0.993195652961731, 5
1868, 26, 0.5849918127059937, 26
1869, 20, 0.9876251816749573, 20
1870, 1, 0.7710476517677307, 1
1876, 12, 0.9282094836235046, 12
1879, 5, 0.5337350368499756, 5
1881, 7, 0.5499963760375977, 7
1883, 18, 0.6152492761611938, 18
1888, 14, 0.6266237497329712, 14
1889, 26, 0.40275153517723083, 26
1891, 22, 0.9999682903289795, 22
1892, 26, 0.34179702401161194, 26
1898, 21, 0.6232476234436035, 21
1899, 2, 0.9997096657752991, 2
19, 29, 0.9641287922859192, 29
190, 14, 0.9007103443145752, 14
1900, 27, 1.0, 27
1901, 29, 0.9954622387886047, 29
1902, 24, 0.4178030490875244, 24
1903, 9, 0.8954683542251587, 9
1904, 20, 0.9433063268661499, 20
1908, 11, 0.5196616053581238, 11
1909, 19, 0.9830752015113831, 19
1914, 3, 0.6373752355575562, 3
192, 6, 0.30873018503189087, 6
1921, 3, 0.5453178286552429, 3
1923, 19, 0.9639135599136353, 19
1924, 25, 0.4743002951145172, 25
1926, 20, 0.5104118585586548, 20
1927, 15, 0.776423990726471, 15
1928, 11, 0.613366425037384, 11
1929, 14, 0.6317617893218994, 14
1931, 8, 0.45529574155807495, 8
1932, 12, 0.9431460499763489, 12
1936, 14, 0.6095263957977295, 14
1937, 12, 0.7481946349143982, 12
1939, 5, 0.9950177073478699, 5
194, 12, 0.7370928525924683, 12
1940, 12, 0.6334668397903442, 12
1941, 13, 0.9990665316581726, 13
1944, 22, 0.9721513986587524, 22
1945, 24, 0.4610961973667145, 24
1948, 24, 0.7978016138076782, 24
1950, 12, 0.4139483571052551, 12
1954, 8, 0.8447745442390442, 8
1955, 11, 0.7796341776847839, 11
1956, 29, 0.7975751757621765, 29
1960, 29, 0.8040100932121277, 29
1961, 26, 0.44810500741004944, 26
1962, 25, 0.6931552290916443, 25
1966, 7, 0.9999326467514038, 7
1968, 21, 0.344375878572464, 21
1969, 13, 0.9539790749549866, 13
1972, 12, 0.26848283410072327, 12
1973, 6, 0.5629645586013794, 6
1976, 17, 0.43294790387153625, 17
1978, 3, 0.9943687319755554, 3
1979, 19, 0.5513147115707397, 19
1981, 29, 0.9997175335884094, 29
1983, 25, 0.39372584223747253, 25
1985, 12, 0.5661064386367798, 12
1987, 24, 0.9980694651603699, 24
1988, 20, 0.5898265242576599, 20
1989, 18, 0.8461017608642578, 18
199, 6, 0.5203061103820801, 6
1991, 12, 0.5313414335250854, 12
1992, 20, 0.6007160544395447, 20
1997, 11, 0.8994792103767395, 11
1998, 3, 0.9212089776992798, 3
1999, 23, 0.36971229314804077, 23
20, 22, 0.47434917092323303, 22
200, 2, 0.6591723561286926, 2
2001, 12, 0.6259057521820068, 12
2003, 29, 0.8059629797935486, 29
2004, 14, 0.5577287077903748, 14
201, 10, 0.6027000546455383, 10
2011, 24, 0.9639945030212402, 24
2013, 22, 0.9712782502174377, 22
2014, 16, 0.5165498852729797, 16
2015, 7, 0.9379794597625732, 7
2019, 29, 0.9940284490585327, 29
202, 29, 0.8255399465560913, 29
2020, 16, 0.7904740571975708, 16
2021, 5, 0.9424795508384705, 5
2022, 18, 0.9614117741584778, 18
2023, 17, 0.941288411617279, 17
2025, 10, 0.5055332183837891, 10
2027, 22, 0.5107743144035339, 22
2029, 10, 0.903518795967102, 10
2030, 6, 0.7149524092674255, 6
2031, 5, 0.8048514127731323, 5
2035, 23, 0.4415390193462372, 23
2036, 12, 0.260572612285614, 12
2038, 24, 0.8962253928184509, 24
2039, 10, 0.5707396864891052, 10
204, 10, 0.6743471026420593, 10
2043, 29, 0.3073556423187256, 29
2045, 24, 0.9450544714927673, 24
2046, 9, 0.6271035075187683, 9
2047, 1, 0.7701308727264404, 1
2048, 19, 0.9247545003890991, 19
2049, 8, 0.6526667475700378, 8
2053, 13, 0.49153706431388855, 13
2054, 24, 0.3495467007160187, 24
2055, 1, 0.46967628598213196, 1
2057, 7, 0.4825991094112396, 7
2059, 25, 0.9525109529495239, 25
2060, 27, 0.9706797003746033, 27
2066, 29, 0.9630858898162842, 29
2068, 27, 1.0, 27
2069, 21, 0.6852647662162781, 21
2074, 3, 0.3196096420288086, 3
2075, 5, 0.5564032793045044, 5
2076, 14, 0.7500258088111877, 14
2078, 8, 0.334916889667511, 8
2080, 10, 0.7116333246231079, 10
2081, 19, 0.5795537233352661, 19
2087, 3, 0.2102556824684143, 3
2088, 26, 0.9687449932098389, 26
2091, 15, 0.4687514901161194, 15
2092, 28, 0.9993187189102173, 28
2093, 20, 0.42411452531814575, 20
2094, 14, 0.26952865719795227, 14
2095, 23, 0.3093816936016083, 23
21, 21, 0.499321311712265, 21
2100, 29, 0.9402804970741272, 29
2104, 23, 0.5972989201545715, 23
2105, 16, 0.9628704190254211, 16
2107, 10, 0.7996153831481934, 10
2108, 11, 0.794793426990509, 11
2111, 2, 0.7099521160125732, 2
2112, 28, 0.7404711246490479, 28
2114, 12, 0.9731137156486511, 12
2116, 3, 0.5511420965194702, 3
2117, 11, 0.7477979063987732, 11
2120, 12, 0.9987758994102478, 12
2121, 18, 0.4672175943851471, 18
2122, 29, 0.9997820258140564, 29
2126, 29, 0.6960416436195374, 29
2131, 14, 0.9752909541130066, 14
2132, 9, 0.3538967967033386, 9
2134, 20, 0.8852678537368774, 20
2135, 1, 0.606661856174469, 1
2137, 1, 0.3933526873588562, 1
2138, 14, 0.695274293422699, 14
2139, 22, 0.6852249503135681, 22
2142, 27, 0.8987751007080078, 27
2145, 23, 0.32385900616645813, 23
2147, 20, 0.7446950674057007, 20
2149, 25, 0.9662485718727112, 25
2151, 19, 0.9657418131828308, 19
2152, 2, 0.9882466197013855, 2
2154, 19, 0.4226776957511902, 19
2155, 26, 0.9969043135643005, 26
2156, 27, 0.9583572149276733, 27
2158, 22, 0.9999737739562988, 22
2160, 3, 0.916336715221405, 3
2161, 19, 0.7568885087966919, 19
2163, 6, 0.4469967186450958, 6
2165, 19, 0.6597957015037537, 19
2167, 16, 0.5230184197425842, 16
2168, 16, 0.38880375027656555, 16
2170, 25, 0.4170220196247101, 25
2172, 3, 0.6185104846954346, 3
2173, 11, 0.9194640517234802, 11
2174, 11, 0.9309470057487488, 11
2177, 3, 0.5858410596847534, 3
2179, 4, 0.9553231000900269, 4
2181, 6, 0.9951885938644409, 6
2182, 13, 0.9930752515792847, 13
2183, 29, 0.9790777564048767, 29
2184, 22, 0.9416391253471375, 22
2187, 27, 0.9588974118232727, 27
2189, 13, 0.9989941716194153, 13
2190, 12, 0.31271660327911377, 12
2191, 13, 0.9999990463256836, 13
2192, 8, 0.33617228269577026, 8
2194, 8, 0.3801620900630951, 8
2195, 12, 0.26276564598083496, 12
2196, 25, 0.5657028555870056, 25
2197, 1, 0.7280487418174744, 1
2198, 21, 0.5655311346054077, 21
2199, 18, 0.7575342655181885, 18
220, 8, 0.8130064010620117, 8
2200, 27, 0.9745434522628784, 27
2201, 11, 0.8551579117774963, 11
2202, 4, 0.8061550259590149, 4
2204, 14, 0.8023985028266907, 14
2206, 25, 0.4879458546638489, 25
2207, 8, 0.42573797702789307, 8
2208, 27, 0.9999969005584717, 27
221, 10, 0.5167235732078552, 10
2210, 26, 0.9972797632217407, 26
2211, 20, 0.9586449265480042, 20
2212, 22, 0.6707618236541748, 22
2216, 14, 0.9463088512420654, 14
2218, 10, 0.5948454141616821, 10
2222, 5, 0.4455876052379608, 5
2223, 4, 0.5323296785354614, 4
2224, 2, 0.9057204723358154, 2
2225, 20, 0.7761462330818176, 20
2228, 22, 0.8070316910743713, 22
2229, 29, 0.9992364645004272, 29
2230, 27, 0.9998016953468323, 27
2231, 18, 0.6904224753379822, 18
2237, 18, 0.7587674856185913, 18
2238, 8, 0.9995142221450806, 8
2241, 12, 0.5589178800582886, 12
2242, 11, 0.9708818793296814, 11
2244, 27, 0.9999817609786987, 27
2245, 24, 0.9610942006111145, 24
2248, 6, 0.5690183639526367, 6
2249, 12, 0.5301955938339233, 12
2251, 23, 0.7890331149101257, 23
2252, 29, 0.9543502330780029, 29
2253, 22, 0.9660130143165588, 22
2256, 26, 0.9222732186317444, 26
2258, 7, 0.9428659081459045, 7
2259, 13, 0.6050288677215576, 13
2260, 11, 0.5331024527549744, 11
2263, 5, 0.9999936819076538, 5
2265, 14, 0.6568842530250549, 14
2266, 9, 0.997895359992981, 9
227, 20, 0.46626991033554077, 20
2270, 5, 0.5305110812187195, 5
2272, 18, 0.47622278332710266, 18
2274, 25, 0.9546191692352295, 25
2278, 15, 0.7559420466423035, 15
2279, 17, 0.6417309641838074, 17
2280, 5, 0.9182416200637817, 5
2285, 13, 0.7557408213615417, 13
2286, 8, 0.659574568271637, 8
2287, 17, 0.9993176460266113, 17
229, 29, 0.4414660930633545, 29
2292, 12, 0.9579328894615173, 12
2293, 13, 0.9999370574951172, 13
2296, 2, 0.9997575879096985, 2
2297, 26, 0.3165603578090668, 26
2298, 12, 0.7547403573989868, 12
2299, 19, 0.9414699077606201, 19
23, 29, 0.5845292806625366, 29
230, 6, 0.98591148853302, 6
2300, 18, 0.9887159466743469, 18
2302, 10, 0.841271698474884, 10
2303, 20, 0.8072218298912048, 20
2307, 22, 0.5466488599777222, 22
2310, 24, 0.9993497729301453, 24
2312, 11, 0.7835353016853333, 11
2314, 25, 0.38944754004478455, 25
2318, 11, 0.9879513382911682, 11
232, 10, 0.9915748238563538, 10
2324, 26, 0.9772821664810181, 26
2327, 12, 0.8970668911933899, 12
2328, 29, 0.9459974765777588, 29
2330, 20, 0.999754011631012, 20
2333, 24, 0.7424081563949585, 24
2335, 29, 0.9998562335968018, 29
2336, 16, 0.9994680285453796, 16
2337, 14, 0.8687116503715515, 14
2338, 19, 0.5010591745376587, 19
234, 27, 0.9611514806747437, 27
2341, 12, 0.47706103324890137, 12
2342, 25, 0.9762755632400513, 25
2344, 2, 0.4638400077819824, 2
2346, 5, 0.492686927318573, 5
2347, 19, 0.9996427297592163, 19
2349, 4, 0.8303210139274597, 4
235, 10, 0.4305552542209625, 10
2351, 29, 0.9961200952529907, 29
2353, 29, 0.9970910549163818, 29
2354, 12, 0.8810842037200928, 12
236, 17, 0.7485160231590271, 17
2362, 18, 0.572586178779602, 18
2364, 14, 0.9948580265045166, 14
2365, 2, 0.9998685121536255, 2
2367, 12, 0.44187453389167786, 12
237, 13, 0.9943307638168335, 13
2370, 6, 0.7064807415008545, 6
2371, 8, 0.7567972540855408, 8
2372, 25, 0.963404655456543, 25
2373, 2, 0.5900363922119141, 2
2374, 24, 0.9999275207519531, 24
2378, 11, 0.9892505407333374, 11
2380, 13, 0.947528600692749, 13
2381, 7, 0.7305099368095398, 7
2384, 22, 0.49312183260917664, 22
2385, 15, 0.6509895920753479, 15
2388, 26, 0.9850932359695435, 26
2389, 19, 0.9202709197998047, 19
239, 3, 0.9999960660934448, 3
240, 29, 0.43241333961486816, 29
2400, 12, 0.9726678729057312, 12
2401, 24, 0.4118642508983612, 24
2402, 14, 0.6176965236663818, 14
2403, 29, 0.9914441704750061, 29
2405, 25, 0.5965491533279419, 25
2406, 26, 0.5395785570144653, 26
2410, 29, 0.8690650463104248, 29
2411, 22, 0.7676404714584351, 22
2414, 13, 0.9999914169311523, 13
2416, 2, 0.9242572784423828, 2
2417, 29, 0.6672327518463135, 29
2418, 3, 0.5977984666824341, 3
2419, 14, 0.8687162399291992, 14
242, 12, 0.9678786396980286, 12
2423, 1, 0.40945401787757874, 1
2426, 18, 0.3934631645679474, 18
2429, 27, 0.706934928894043, 27
243, 2, 0.6069357395172119, 2
2433, 22, 0.865576446056366, 22
2437, 11, 0.9916055202484131, 11
2440, 21, 0.7861992716789246, 21
2443, 27, 0.9999537467956543, 27
2445, 24, 0.5572282671928406, 24
2446, 19, 0.6353066563606262, 19
2447, 2, 0.37196215987205505, 2
2448, 24, 0.8972958326339722, 24
2449, 25, 0.6759220361709595, 25
245, 24, 0.9823741912841797, 24
2453, 10, 0.9987302422523499, 10
2454, 19, 0.7933679223060608, 19
2456, 6, 0.3491314649581909, 6
2458, 8, 0.3128744065761566, 8
2459, 18, 0.6420756578445435, 18
246, 3, 0.4437556564807892, 3
2461, 23, 0.8244940638542175, 23
2463, 5, 0.9997294545173645, 5
2464, 15, 0.32141581177711487, 15
2466, 22, 0.9753382205963135, 22
2467, 5, 0.7680014371871948, 5
2470, 13, 0.9992266893386841, 13
2471, 29, 0.9104898571968079, 29
2472, 24, 0.972386360168457, 24
2474, 26, 0.5713523030281067, 26
2476, 6, 0.7211121916770935, 6
2477, 12, 0.9967921376228333, 12
2478, 23, 0.4127626419067383, 23
2479, 19, 0.9904981255531311, 19
248, 14, 0.7119630575180054, 14
2480, 3, 0.5400258302688599, 3
2484, 27, 0.9994058609008789, 27
2485, 2, 0.805235743522644, 2
2488, 24, 0.9998514652252197, 24
2493, 29, 0.9110963344573975, 29
2494, 21, 0.5483385324478149, 21
2499, 8, 0.999478280544281, 8
2504, 29, 0.9993391633033752, 29
2505, 19, 0.38019829988479614, 19
2506, 15, 0.756413459777832, 15
2509, 15, 0.7174909114837646, 15
251, 14, 0.5629943609237671, 14
2510, 22, 0.2803976535797119, 22
2511, 25, 0.6603058576583862, 25
2513, 20, 0.29185447096824646, 20
2514, 10, 0.9737386107444763, 10
2515, 2, 0.9952808022499084, 2
2516, 27, 0.9934532642364502, 27
2518, 8, 0.7202416658401489, 8
252, 25, 0.9009808301925659, 25
2522, 24, 0.5026982426643372, 24
2523, 15, 0.22098413109779358, 15
2526, 3, 0.45546457171440125, 3
2527, 17, 0.8944900035858154, 17
253, 22, 0.709786593914032, 22
2530, 15, 0.7804371118545532, 15
2541, 9, 0.7943675518035889, 9
2542, 29, 0.9964438080787659, 29
2545, 24, 0.8409116268157959, 24
255, 29, 0.8617356419563293, 29
2551, 10, 0.9992733597755432, 10
2552, 22, 0.6179862022399902, 22
2553, 24, 0.8986036777496338, 24
2554, 14, 0.9839993119239807, 14
2560, 3, 0.5299838781356812, 3
2565, 19, 0.9999322891235352, 19
2566, 27, 0.30361565947532654, 27
2569, 6, 0.6753025650978088, 6
2570, 21, 0.6199238896369934, 21
2571, 14, 0.2567645013332367, 14
2572, 27, 0.8165810108184814, 27
2573, 12, 0.9985746145248413, 12
2574, 28, 0.9919519424438477, 28
2575, 5, 0.9855958223342896, 5
2576, 7, 0.9435311555862427, 7
2577, 19, 0.8588750958442688, 19
2579, 11, 0.9400559663772583, 11
2580, 12, 0.680736243724823, 12
2581, 1, 0.5306028127670288, 1
2582, 16, 0.5304014682769775, 16
2583, 22, 0.38793641328811646, 22
2584, 17, 0.45989036560058594, 17
2585, 1, 0.9786092042922974, 1
2586, 19, 0.8260017037391663, 19
2594, 24, 0.6537134051322937, 24
2595, 25, 0.8381676077842712, 25
2597, 24, 0.43714314699172974, 24
26, 13, 0.997270405292511, 13
260, 16, 0.9499194025993347, 16
2601, 24, 0.940538763999939, 24
2603, 13, 0.9958325028419495, 13
2606, 7, 0.9851712584495544, 7
2607, 6, 0.699691116809845, 6
2608, 6, 0.9939963817596436, 6
2609, 25, 0.571037232875824, 25
2614, 13, 0.9576000571250916, 13
2615, 11, 0.9198779463768005, 11
2616, 6, 0.4186895787715912, 6
2618, 29, 0.8428647518157959, 29
2620, 23, 0.505508303642273, 23
2622, 20, 0.6575368642807007, 20
2628, 24, 0.5444584488868713, 24
2629, 5, 0.542729914188385, 5
2630, 10, 0.9563490748405457, 10
2633, 23, 0.3856038749217987, 23
2636, 29, 0.47929611802101135, 29
2638, 2, 0.816537618637085, 2
2639, 24, 0.8577773571014404, 24
264, 2, 0.37265658378601074, 2
2642, 19, 0.5205121040344238, 19
2643, 22, 0.8158093690872192, 22
2644, 22, 0.9526317119598389, 22
2649, 16, 0.6427227854728699, 16
2650, 22, 0.35799553990364075, 22
2654, 13, 0.9998106360435486, 13
2656, 1, 0.321959912776947, 1
2657, 7, 0.7283487319946289, 7
2658, 17, 0.7182024121284485, 17
266, 25, 0.6254897713661194, 25
2661, 25, 0.46492141485214233, 25
2662, 14, 0.5130591988563538, 14
2663, 8, 0.30006691813468933, 8
2664, 26, 0.8615861535072327, 26
2668, 7, 0.976081907749176, 7
2669, 13, 0.6953016519546509, 13
267, 26, 0.9999886751174927, 26
2672, 12, 0.9736810326576233, 12
2674, 1, 0.6844080090522766, 1
2675, 11, 0.7068029046058655, 11
2676, 15, 0.9828094840049744, 15
2677, 7, 0.6199672818183899, 7
2678, 13, 0.7141264081001282, 13
2679, 2, 0.637208878993988, 2
268, 14, 0.5222795605659485, 14
2681, 6, 0.6202026009559631, 6
2682, 2, 0.81414395570755, 2
2683, 3, 0.7770127654075623, 3
2684, 24, 0.8805772662162781, 24
2685, 13, 0.8902541995048523, 13
2686, 12, 0.9966644644737244, 12
2689, 14, 0.9986284971237183, 14
2692, 23, 0.9524103999137878, 23
2693, 11, 0.561919093132019, 11
2696, 13, 0.9732468128204346, 13
2699, 25, 0.4009658396244049, 25
2702, 5, 0.9998427629470825, 5
2704, 26, 0.9814828038215637, 26
2705, 6, 0.3337804079055786, 6
2709, 22, 0.9789974093437195, 22
2711, 19, 0.9168940782546997, 19
272, 29, 0.9697034955024719, 29
2720, 13, 0.9998676776885986, 13
2722, 1, 0.7690501809120178, 1
2724, 27, 0.664260745048523, 27
2726, 6, 0.7154392600059509, 6
2728, 20, 0.9907642602920532, 20
273, 25, 0.5065046548843384, 25
2730, 22, 0.9993159770965576, 22
2733, 28, 0.5259008407592773, 28
2734, 6, 0.8437231183052063, 6
2735, 14, 0.9839072227478027, 14
2736, 13, 0.8061749339103699, 13
2737, 2, 0.9686837792396545, 2
2739, 18, 0.4694330394268036, 18
274, 17, 0.9106438755989075, 17
2740, 21, 0.8942993879318237, 21
2742, 26, 0.8201219439506531, 26
2744, 27, 0.9999979734420776, 27
2749, 1, 0.6619997620582581, 1
275, 17, 0.3896190822124481, 17
2750, 24, 0.9999381303787231, 24
2751, 12, 0.9822461605072021, 12
2758, 19, 0.4161486029624939, 19
2760, 2, 0.6449111700057983, 2
2761, 29, 0.9444714188575745, 29
2765, 8, 0.6639453768730164, 8
2767, 11, 0.9486991763114929, 11
2768, 8, 0.4179036319255829, 8
2769, 19, 0.9981871247291565, 19
2772, 1, 0.7471191883087158, 1
2773, 14, 0.9997311234474182, 14
2778, 9, 0.9996867179870605, 9
2781, 21, 0.9731897711753845, 21
2785, 25, 0.7598484754562378, 25
2787, 7, 0.8260762691497803, 7
2789, 19, 0.5534632802009583, 19
2790, 13, 0.998314380645752, 13
2792, 10, 0.973451554775238, 10
2794, 13, 0.9784399271011353, 13
2796, 2, 0.8650633096694946, 2
2797, 22, 0.9444383382797241, 22
2799, 29, 0.996799111366272, 29
280, 1, 0.9405936002731323, 1
2800, 10, 0.9769709706306458, 10
2802, 29, 0.7277451753616333, 29
2805, 25, 0.7277610301971436, 25
2806, 24, 0.31519103050231934, 24
2807, 25, 0.8654007315635681, 25
2808, 3, 0.6331833004951477, 3
2811, 7, 0.5364492535591125, 7
2813, 12, 0.6066824197769165, 12
2815, 29, 0.9858189821243286, 29
2817, 21, 0.5005940794944763, 21
2819, 22, 0.843580961227417, 22
2820, 6, 0.7632498145103455, 6
2821, 5, 0.6203429102897644, 5
2822, 11, 0.834265410900116, 11
2825, 24, 0.9798609018325806, 24
2826, 14, 0.3604015111923218, 14
2827, 23, 0.9999792575836182, 23
2829, 28, 0.9535069465637207, 28
2830, 27, 0.9991412162780762, 27
2831, 28, 0.9209820032119751, 28
2832, 27, 0.9999905824661255, 27
2834, 20, 0.9779953956604004, 20
2837, 14, 0.9959306120872498, 14
2838, 6, 0.6996396780014038, 6
2839, 29, 0.44541075825691223, 29
284, 23, 0.5800313353538513, 23
2842, 13, 0.9791805148124695, 13
2843, 13, 0.9599415063858032, 13
2845, 21, 0.9837362170219421, 21
2849, 16, 0.9877146482467651, 16
285, 17, 0.4346063435077667, 17
2852, 14, 0.8947492837905884, 14
2855, 1, 0.5238936543464661, 1
2858, 22, 0.997687578201294, 22
2860, 19, 0.9840519428253174, 19
2864, 4, 0.9201566576957703, 4
2867, 8, 0.7615566849708557, 8
2868, 12, 0.24172985553741455, 12
2869, 9, 0.8039306402206421, 9
2870, 16, 0.9821590781211853, 16
2872, 22, 0.9903075695037842, 22
2874, 29, 0.852891743183136, 29
2875, 27, 0.9998641014099121, 27
2877, 19, 0.6392387747764587, 19
2878, 25, 0.43442216515541077, 25
2881, 19, 0.9171857833862305, 19
2883, 19, 0.5965288877487183, 19
2889, 26, 0.9999266862869263, 26
2891, 19, 0.9408214688301086, 19
2894, 10, 0.7745279669761658, 10
2896, 1, 0.8064344525337219, 1
2897, 21, 0.4456065893173218, 21
29, 26, 0.580756664276123, 26
2900, 11, 0.91768878698349, 11
2902, 17, 0.6130152940750122, 17
2906, 7, 0.5522977709770203, 7
2907, 3, 0.5574042797088623, 3
291, 12, 0.578846275806427, 12
2911, 7, 0.9000529646873474, 7
2912, 13, 0.9999781847000122, 13
2915, 11, 0.7273546457290649, 11
2916, 12, 0.8475998044013977, 12
2918, 12, 0.9600578546524048, 12
2919, 2, 0.9932501316070557, 2
292, 7, 0.2911386787891388, 7
2924, 19, 0.5812342762947083, 19
2925, 10, 0.3944680392742157, 10
2926, 2, 0.7377021908760071, 2
2928, 16, 0.9541328549385071, 16
293, 27, 0.9999980926513672, 27
2930, 6, 0.23623402416706085, 6
2931, 25, 0.5057917237281799, 25
2933, 25, 0.8138643503189087, 25
2936, 5, 0.6317527294158936, 5
2940, 15, 0.8912016153335571, 15
2941, 6, 0.5864937901496887, 6
2942, 5, 0.5771560072898865, 5
2943, 17, 0.8411233425140381, 17
2945, 26, 0.9980084300041199, 26
2946, 12, 0.5399633049964905, 12
2948, 3, 0.8795740008354187, 3
2951, 29, 0.9978193044662476, 29
2952, 29, 0.9644454717636108, 29
2953, 28, 0.9833338856697083, 28
2955, 14, 0.43768584728240967, 14
2956, 25, 0.9359988570213318, 25
2957, 6, 0.5128021240234375, 6
2958, 13, 0.99764484167099, 13
2959, 11, 0.7885465025901794, 11
2961, 1, 0.8310251235961914, 1
2964, 28, 0.4961163401603699, 28
2965, 23, 0.9995200634002686, 23
2966, 7, 0.37689200043678284, 7
2969, 12, 0.9965285658836365, 12
297, 8, 0.4782436490058899, 8
2970, 7, 0.5772123336791992, 7
2972, 29, 0.5385474562644958, 29
2974, 14, 0.9967051148414612, 14
2979, 22, 0.7359131574630737, 22
2980, 19, 0.9973214268684387, 19
2983, 13, 0.9410771131515503, 13
2987, 26, 0.5187052488327026, 26
2989, 11, 0.9676539897918701, 11
299, 2, 0.6302551031112671, 2
2990, 26, 0.9304964542388916, 26
2993, 17, 0.6318975687026978, 17
2994, 14, 0.956390380859375, 14
2998, 25, 0.534379243850708, 25
30, 9, 0.5451819896697998, 9
300, 29, 0.5923393368721008, 29
3000, 3, 0.8836519718170166, 3
3003, 13, 0.9999926090240479, 13
3009, 13, 0.9999964237213135, 13
301, 25, 0.4886854290962219, 25
3010, 6, 0.44067150354385376, 6
3011, 26, 0.6534030437469482, 26
3013, 27, 0.9949525594711304, 27
3015, 8, 0.5200271010398865, 8
3017, 15, 0.8693426251411438, 15
302, 11, 0.5794263482093811, 11
3020, 16, 0.5743263959884644, 16
3021, 15, 0.3974702060222626, 15
3022, 26, 0.3814585506916046, 26
3023, 5, 0.9552021026611328, 5
3024, 10, 0.9818236231803894, 10
3025, 2, 0.6459951996803284, 2
3026, 18, 0.7015002369880676, 18
3030, 7, 0.44223010540008545, 7
3031, 29, 0.9158768057823181, 29
3032, 8, 0.5174331665039062, 8
3033, 7, 0.41551265120506287, 7
3034, 29, 0.9616107940673828, 29
3036, 6, 0.9999750852584839, 6
3037, 19, 0.44357240200042725, 19
3038, 14, 0.5105091333389282, 14
3041, 10, 0.6124519109725952, 10
3042, 6, 0.997634768486023, 6
3043, 13, 0.9964436888694763, 13
3046, 27, 0.9999586343765259, 27
3047, 24, 0.8913902640342712, 24
3048, 28, 0.5553182363510132, 28
305, 29, 0.881114661693573, 29
3050, 7, 0.2993507385253906, 7
3052, 2, 0.9967368245124817, 2
3056, 22, 0.9664617776870728, 22
3057, 28, 0.4625244140625, 28
3059, 11, 0.469584196805954, 11
306, 27, 0.9999998807907104, 27
3060, 1, 0.8261794447898865, 1
3061, 6, 0.4970039129257202, 6
3062, 14, 0.49727556109428406, 14
3063, 11, 0.3059772551059723, 11
3064, 26, 0.9682345390319824, 26
3065, 1, 0.5337900519371033, 1
3067, 14, 0.4462989866733551, 14
3068, 18, 0.3939966857433319, 18
3069, 12, 0.9993708729743958, 12
307, 29, 0.9997610449790955, 29
3074, 7, 0.6156631708145142, 7
3076, 26, 0.7978283166885376, 26
3077, 22, 0.7456867694854736, 22
3082, 9, 0.9558311104774475, 9
3083, 11, 0.5417264103889465, 11
3086, 18, 0.39312461018562317, 18
3087, 3, 0.9715278744697571, 3
3088, 17, 0.6486784815788269, 17
309, 2, 0.9793246388435364, 2
3091, 8, 0.8113318085670471, 8
3093, 13, 0.5243667960166931, 13
3095, 23, 0.7230951189994812, 23
3098, 25, 0.2596389055252075, 25
3099, 16, 0.34460246562957764, 16
31, 10, 0.48832443356513977, 10
310, 26, 0.86137455701828, 26
3100, 29, 0.5073387026786804, 29
3105, 19, 0.9563719630241394, 19
3106, 3, 0.9556424021720886, 3
3108, 27, 0.5578622221946716, 27
3110, 16, 0.7334908843040466, 16
3111, 29, 0.9982538819313049, 29
3114, 16, 0.6400765180587769, 16
3118, 20, 0.31719622015953064, 20
3119, 6, 0.9914886951446533, 6
312, 7, 0.8791181445121765, 7
3120, 14, 0.569038987159729, 14
3123, 6, 0.4809526205062866, 6
3124, 6, 0.3608776926994324, 6
3125, 19, 0.99860018491745, 19
3126, 17, 0.3853524625301361, 17
3127, 22, 0.2807621657848358, 22
3128, 18, 0.5211136937141418, 18
3129, 9, 0.6275844573974609, 9
3130, 3, 0.3601149916648865, 3
3132, 24, 0.542948305606842, 24
3134, 12, 0.3423255980014801, 12
3135, 5, 0.9993497729301453, 5
3136, 26, 0.9994848966598511, 26
3137, 4, 0.5933047533035278, 4
3139, 2, 0.9962161183357239, 2
314, 2, 0.99359130859375, 2
3142, 2, 0.20771349966526031, 2
3143, 29, 0.9984316229820251, 29
3145, 29, 0.967534601688385, 29
3148, 25, 0.5698292255401611, 25
3150, 29, 0.993005096912384, 29
3152, 18, 0.7178904414176941, 18
3154, 23, 0.9925611615180969, 23
3155, 25, 0.9091747403144836, 25
3157, 8, 0.9821786284446716, 8
3158, 8, 0.9998515844345093, 8
3159, 15, 0.6784063577651978, 15
316, 22, 0.9092546701431274, 22
3160, 20, 0.9999102354049683, 20
3161, 7, 0.9001851677894592, 7
3162, 9, 0.9990094900131226, 9
3164, 19, 0.7736203670501709, 19
3165, 13, 0.9921154379844666, 13
3167, 12, 0.71764075756073, 12
3168, 19, 0.5649496912956238, 19
317, 5, 0.6128118634223938, 5
3170, 16, 0.3473811745643616, 16
3173, 29, 0.3845808506011963, 29
3176, 12, 0.9834643602371216, 12
3177, 22, 0.7335451245307922, 22
3179, 19, 0.9104707837104797, 19
3180, 7, 0.3492221534252167, 7
3181, 22, 0.9652475118637085, 22
3182, 10, 0.6836639642715454, 10
3183, 26, 0.6016152501106262, 26
3187, 17, 0.7198456525802612, 17
3188, 4, 0.6558204889297485, 4
3189, 29, 0.4673193097114563, 29
3191, 12, 0.4120749533176422, 12
3192, 12, 0.5267540812492371, 12
3195, 14, 0.9895528554916382, 14
3196, 12, 0.4276582598686218, 12
3197, 9, 0.999995231628418, 9
32, 22, 0.8739107251167297, 22
320, 19, 0.6851569414138794, 19
3200, 2, 0.9767369031906128, 2
3202, 6, 0.41175681352615356, 6
3203, 14, 0.9999991655349731, 14
3206, 24, 0.9999558925628662, 24
3207, 29, 0.9933168888092041, 29
321, 22, 0.5929731726646423, 22
3211, 17, 0.9963592886924744, 17
3213, 25, 0.7518260478973389, 25
3216, 16, 0.4231381416320801, 16
3217, 28, 0.9978582262992859, 28
3218, 19, 0.9795033931732178, 19
3219, 13, 0.9666552543640137, 13
3225, 6, 0.8067870736122131, 6
3227, 29, 0.9513449668884277, 29
323, 27, 0.9999687671661377, 27
3232, 23, 0.999994158744812, 23
3234, 18, 0.3970499634742737, 18
3237, 4, 0.37940821051597595, 4
3238, 3, 0.7871132493019104, 3
324, 16, 0.8045933246612549, 16
3240, 27, 0.5949143171310425, 27
3242, 23, 0.8065999746322632, 23
3243, 10, 0.4060264825820923, 10
3245, 1, 0.9030887484550476, 1
3246, 16, 0.3142314851284027, 16
3247, 21, 0.9771558046340942, 21
3248, 28, 0.4571310877799988, 28
3249, 17, 0.9953814744949341, 17
325, 28, 0.9996247291564941, 28
3251, 24, 0.6307373642921448, 24
3254, 19, 0.9853463172912598, 19
3256, 19, 0.6246297955513, 19
3258, 3, 0.5151398777961731, 3
3259, 3, 0.2736630439758301, 3
326, 17, 0.9358113408088684, 17
3260, 25, 0.9872186183929443, 25
3262, 26, 0.4320308268070221, 26
3269, 6, 0.9709303379058838, 6
327, 26, 0.7456063628196716, 26
3271, 27, 0.7030245661735535, 27
3274, 10, 0.22108621895313263, 10
3276, 6, 0.7894191741943359, 6
3279, 7, 0.8513546586036682, 7
328, 29, 0.9374068975448608, 29
3280, 2, 0.9661489725112915, 2
3282, 22, 0.4875769317150116, 22
3283, 7, 0.8471143841743469, 7
3284, 25, 0.44273996353149414, 25
3287, 29, 0.9919300675392151, 29
3288, 29, 0.9948556423187256, 29
329, 13, 0.6039707660675049, 13
3291, 14, 0.9992959499359131, 14
3292, 19, 0.9218077063560486, 19
3294, 24, 0.9987851977348328, 24
3297, 5, 0.3302055597305298, 5
330, 23, 0.9999921321868896, 23
3300, 13, 0.9998894929885864, 13
3301, 19, 0.2454420030117035, 19
3302, 12, 0.9852408766746521, 12
3303, 3, 0.38900113105773926, 3
3305, 25, 0.8401379585266113, 25
3306, 25, 0.5693027973175049, 25
3310, 29, 0.9827137589454651, 29
3315, 27, 0.8770783543586731, 27
3316, 22, 0.31148430705070496, 22
3319, 12, 0.9683986306190491, 12
3321, 13, 0.826444685459137, 13
3322, 8, 0.3198891878128052, 8
3323, 20, 0.9999964237213135, 20
3325, 9, 0.983371913433075, 9
3326, 26, 0.34197479486465454, 26
3329, 13, 0.9999781847000122, 13
3331, 29, 0.7855085730552673, 29
3334, 29, 0.29691481590270996, 29
3335, 26, 0.2799668610095978, 26
3337, 23, 0.6308943629264832, 23
3342, 8, 0.9864939451217651, 8
3348, 23, 0.5960808992385864, 23
3349, 2, 0.8323944211006165, 2
335, 6, 0.9824099540710449, 6
3350, 28, 0.8892173767089844, 28
3351, 18, 0.6041632890701294, 18
3352, 10, 0.823342502117157, 10
3353, 27, 0.2564293146133423, 27
3355, 6, 0.8617529273033142, 6
3361, 28, 0.37037456035614014, 28
3363, 19, 0.7178859114646912, 19
3364, 26, 0.42205512523651123, 26
3370, 3, 0.9827860593795776, 3
3371, 23, 0.832164466381073, 23
3372, 22, 0.9667923450469971, 22
3374, 21, 0.9277061223983765, 21
3377, 13, 0.3380397856235504, 13
3380, 1, 0.7698172330856323, 1
3382, 29, 0.8368926048278809, 29
3384, 12, 0.4604644477367401, 12
3386, 14, 0.964735746383667, 14
3387, 28, 0.5162564516067505, 28
339, 19, 0.9147214889526367, 19
3390, 25, 0.641930878162384, 25
3391, 15, 0.9120308756828308, 15
3392, 28, 0.994879961013794, 28
3393, 24, 0.9995737671852112, 24
3395, 11, 0.6595712304115295, 11
3400, 23, 0.8903405666351318, 23
3402, 25, 0.2648419141769409, 25
3407, 2, 0.9508296251296997, 2
3408, 17, 0.6072434186935425, 17
3410, 19, 0.3639923334121704, 19
3411, 12, 0.9888356328010559, 12
3412, 26, 0.8596593737602234, 26
3413, 17, 0.9447886943817139, 17
3415, 17, 0.982658863067627, 17
3416, 19, 0.9791096448898315, 19
3417, 2, 0.9854936003684998, 2
3418, 29, 0.99863201379776, 29
3419, 19, 0.9316115975379944, 19
342, 10, 0.9887690544128418, 10
3421, 19, 0.5696883201599121, 19
3422, 21, 0.7393457293510437, 21
3426, 16, 0.8569808006286621, 16
3430, 12, 0.9980791807174683, 12
3432, 25, 0.9207457304000854, 25
3433, 4, 0.9224058389663696, 4
3434, 20, 0.35044339299201965, 20
3435, 29, 0.8922591209411621, 29
3438, 29, 0.9818129539489746, 29
3439, 23, 0.9741487503051758, 23
344, 27, 1.0, 27
3440, 18, 0.628708004951477, 18
3442, 23, 0.7132313847541809, 23
3444, 25, 0.7792903184890747, 25
3445, 11, 0.9938768744468689, 11
3447, 6, 0.39338335394859314, 6
3448, 18, 0.8498305082321167, 18
3449, 12, 0.9638840556144714, 12
345, 17, 0.8257661461830139, 17
3450, 29, 0.9813480377197266, 29
3453, 18, 0.26093003153800964, 18
3454, 8, 0.36374250054359436, 8
3457, 2, 0.5976214408874512, 2
3459, 28, 0.6264654994010925, 28
346, 9, 0.8956025242805481, 9
3461, 29, 0.9999215602874756, 29
3462, 1, 0.4590175449848175, 1
3463, 6, 0.7691220641136169, 6
3464, 26, 0.9998028874397278, 26
3467, 14, 0.8838229179382324, 14
3468, 24, 0.9969929456710815, 24
347, 2, 0.41369199752807617, 2
3470, 19, 0.9967153072357178, 19
3471, 12, 0.31668588519096375, 12
3472, 21, 0.32916346192359924, 21
3473, 20, 0.9987066984176636, 20
3474, 3, 0.5212267637252808, 3
3477, 8, 0.5590656399726868, 8
3479, 29, 0.45754310488700867, 29
348, 16, 0.35038745403289795, 16
3481, 4, 0.645420491695404, 4
3482, 16, 0.9533074498176575, 16
3483, 25, 0.9430718421936035, 25
3484, 23, 0.518263578414917, 23
3486, 19, 0.6827659010887146, 19
3488, 8, 0.8070026636123657, 8
3489, 23, 0.7742900252342224, 23
3491, 12, 0.6291456818580627, 12
3493, 25, 0.45682957768440247, 25
3496, 20, 0.996809184551239, 20
3498, 22, 0.4268988370895386, 22
3499, 20, 0.923234760761261, 20
350, 3, 0.9932838678359985, 3
3501, 28, 0.6728025078773499, 28
3502, 22, 0.9997919201850891, 22
3504, 13, 0.9999995231628418, 13
3505, 23, 0.6410442590713501, 23
3506, 17, 0.3233487606048584, 17
3508, 10, 0.9983294606208801, 10
3509, 5, 0.9976824522018433, 5
3516, 14, 0.9203890562057495, 14
3517, 7, 0.9996054768562317, 7
3519, 29, 0.3843880593776703, 29
352, 6, 0.48079773783683777, 6
3520, 12, 0.7332528829574585, 12
3521, 10, 0.8249268531799316, 10
3522, 29, 0.9928146600723267, 29
3523, 7, 0.6128709316253662, 7
3527, 1, 0.45291823148727417, 1
3529, 9, 0.9581438899040222, 9
3533, 16, 0.31330904364585876, 16
3534, 1, 0.5122519135475159, 1
3535, 22, 0.6757844090461731, 22
3536, 27, 0.9969987869262695, 27
3539, 17, 0.9733894467353821, 17
3540, 11, 0.9472994804382324, 11
3541, 20, 0.9999637603759766, 20
3547, 19, 0.563929557800293, 19
3548, 19, 0.9945318698883057, 19
3549, 19, 0.2869802415370941, 19
355, 29, 0.4648747444152832, 29
3550, 27, 0.9999051094055176, 27
3551, 3, 0.3636989891529083, 3
3553, 14, 0.9922335147857666, 14
3554, 9, 0.8926882147789001, 9
3557, 24, 0.9983158111572266, 24
3558, 25, 0.636268675327301, 25
356, 22, 0.9908843636512756, 22
3561, 21, 0.5345636606216431, 21
3562, 25, 0.7414056062698364, 25
3563, 29, 0.9001449346542358, 29
3564, 3, 0.5604959726333618, 3
3568, 29, 0.9893248677253723, 29
357, 13, 0.5918926000595093, 13
3570, 27, 0.7883250713348389, 27
3575, 29, 0.6811074018478394, 29
3576, 13, 0.8780831098556519, 13
358, 12, 0.8321987390518188, 12
3581, 19, 0.9999874830245972, 19
3583, 2, 0.9996111989021301, 2
3584, 20, 0.928766131401062, 20
3586, 16, 0.7016153931617737, 16
3588, 12, 0.3885374069213867, 12
3589, 7, 0.9236131310462952, 7
3590, 6, 0.5697348713874817, 6
3591, 14, 0.6284791827201843, 14
3593, 14, 0.40732479095458984, 14
3594, 7, 0.5444226264953613, 7
3596, 17, 0.622343122959137, 17
36, 2, 0.9569035768508911, 2
360, 21, 0.9712897539138794, 21
3601, 29, 0.33809196949005127, 29
3604, 6, 0.7204068303108215, 6
3605, 25, 0.9864338636398315, 25
361, 11, 0.9254003763198853, 11
3610, 11, 0.39717674255371094, 11
3611, 22, 0.986050546169281, 22
3613, 13, 0.9982886910438538, 13
3614, 22, 0.9511130452156067, 22
3616, 2, 0.7985091805458069, 2
3623, 19, 0.9804410934448242, 19
3627, 6, 0.5143769383430481, 6
3628, 2, 0.5425028204917908, 2
363, 10, 0.97447669506073, 10
3630, 10, 0.7968860864639282, 10
3631, 8, 0.6429534554481506, 8
3633, 8, 0.9990479350090027, 8
3641, 13, 0.9879612326622009, 13
3642, 14, 0.8855331540107727, 14
3645, 7, 0.897365152835846, 7
3646, 29, 0.815646231174469, 29
3647, 25, 0.946143627166748, 25
3648, 17, 0.4501228332519531, 17
365, 7, 0.8633083701133728, 7
3650, 9, 0.8199248909950256, 9
3652, 16, 0.8546063303947449, 16
3653, 24, 0.4358818531036377, 24
3655, 20, 0.8562601804733276, 20
3656, 13, 0.9630511403083801, 13
3657, 29, 0.9626787304878235, 29
3659, 16, 0.6012874245643616, 16
3661, 2, 0.8813822865486145, 2
3662, 19, 0.9990143775939941, 19
3665, 29, 0.49358609318733215, 29
3668, 23, 0.8681058287620544, 23
3669, 27, 0.9653658270835876, 27
3670, 29, 0.9030155539512634, 29
3671, 5, 0.38134706020355225, 5
3672, 21, 0.9518807530403137, 21
3676, 5, 0.36322957277297974, 5
3677, 12, 0.6346117258071899, 12
3678, 27, 0.9667615294456482, 27
3679, 26, 0.6750058531761169, 26
3680, 18, 0.6907551884651184, 18
3682, 23, 0.6923887133598328, 23
3686, 20, 0.8176050186157227, 20
3687, 4, 0.5666747093200684, 4
3689, 25, 0.9969655871391296, 25
3690, 11, 0.5533049702644348, 11
3691, 12, 0.6761665344238281, 12
3693, 20, 0.8503291606903076, 20
3695, 10, 0.8401411175727844, 10
3697, 21, 0.5554782748222351, 21
3698, 29, 0.8908563256263733, 29
3704, 21, 0.8216650485992432, 21
3706, 18, 0.538122296333313, 18
3708, 2, 0.6940413117408752, 2
371, 29, 0.9687072038650513, 29
3710, 12, 0.7254278063774109, 12
3712, 13, 0.9871158003807068, 13
3714, 25, 0.5055645704269409, 25
3715, 29, 0.9888681173324585, 29
3716, 28, 0.9238973259925842, 28
3724, 11, 0.7584336400032043, 11
3725, 17, 0.5436775088310242, 17
3727, 17, 0.9969456791877747, 17
3728, 1, 0.8869258761405945, 1
3729, 25, 0.9598546028137207, 25
3730, 14, 0.4218107759952545, 14
3732, 6, 0.6794148683547974, 6
3733, 24, 0.43761390447616577, 24
3734, 9, 0.7903154492378235, 9
3737, 9, 0.8274889588356018, 9
3739, 13, 0.8325788378715515, 13
3740, 12, 0.979931116104126, 12
3742, 23, 0.34917089343070984, 23
3743, 23, 0.6563408374786377, 23
3745, 21, 0.9629749059677124, 21
3746, 12, 0.6594601273536682, 12
3748, 19, 0.9878173470497131, 19
3749, 19, 0.9904562830924988, 19
375, 16, 0.5619715452194214, 16
3750, 1, 0.47680917382240295, 1
3752, 2, 0.9995638728141785, 2
3754, 17, 0.9633883833885193, 17
3756, 9, 0.4448334574699402, 9
376, 26, 0.9980144500732422, 26
3760, 22, 0.8625417351722717, 22
3761, 13, 0.9999995231628418, 13
3762, 11, 0.8166271448135376, 11
3763, 10, 0.9746282696723938, 10
3764, 12, 0.4092658758163452, 12
3765, 24, 0.981899619102478, 24
3767, 29, 0.7830508351325989, 29
3768, 6, 0.6368929147720337, 6
377, 3, 0.9989345669746399, 3
3770, 26, 0.481411337852478, 26
3772, 29, 0.9878016114234924, 29
3773, 29, 0.878986656665802, 29
3776, 23, 0.9066874384880066, 23
378, 17, 0.26637890934944153, 17
3780, 25, 0.9934648871421814, 25
3781, 20, 0.6997111439704895, 20
3785, 25, 0.8379128575325012, 25
3786, 22, 0.3127112090587616, 22
3787, 23, 0.5528269410133362, 23
3793, 12, 0.9746474027633667, 12
3796, 6, 0.9243071675300598, 6
3797, 14, 0.9997605681419373, 14
3798, 22, 0.7709214091300964, 22
3799, 8, 0.32879769802093506, 8
380, 13, 0.9999374151229858, 13
3801, 19, 0.9659516215324402, 19
3803, 14, 0.9963555335998535, 14
3804, 1, 0.9461338520050049, 1
3806, 27, 0.9999998807907104, 27
3808, 19, 0.8242465257644653, 19
381, 7, 0.9397182464599609, 7
3812, 24, 0.4035622179508209, 24
3813, 22, 0.9832437634468079, 22
3815, 27, 0.9999992847442627, 27
3826, 11, 0.9234294891357422, 11
3828, 16, 0.7855615019798279, 16
3833, 29, 0.6504039764404297, 29
3835, 16, 0.5606187582015991, 16
3837, 12, 0.7424653172492981, 12
3838, 29, 0.9375527501106262, 29
384, 13, 0.9947134852409363, 13
3841, 26, 0.9799783825874329, 26
3842, 6, 0.8123698234558105, 6
3844, 29, 0.9999866485595703, 29
3845, 11, 0.5217733383178711, 11
3847, 23, 0.9478170871734619, 23
3851, 2, 0.677955150604248, 2
3856, 1, 0.2207065224647522, 1
3858, 11, 0.2947337031364441, 11
3859, 1, 0.6639079451560974, 1
386, 3, 0.8876977562904358, 3
3862, 12, 0.43960443139076233, 12
3863, 8, 0.8610535264015198, 8
3865, 26, 0.728523313999176, 26
3867, 17, 0.9215866327285767, 17
387, 13, 0.9856243133544922, 13
3870, 25, 0.41568243503570557, 25
3874, 9, 0.9805606603622437, 9
3875, 10, 0.5497147440910339, 10
3876, 29, 0.9980630278587341, 29
388, 14, 0.4788694381713867, 14
3880, 5, 0.33387017250061035, 5
3886, 2, 0.9938310384750366, 2
3889, 19, 0.999984622001648, 19
389, 18, 0.3857937455177307, 18
3890, 22, 0.9306833148002625, 22
3891, 24, 0.7449503540992737, 24
3893, 27, 0.9999998807907104, 27
3894, 18, 0.9693966507911682, 18
390, 17, 0.36858391761779785, 17
3901, 11, 0.6107871532440186, 11
3902, 22, 0.7875198125839233, 22
3903, 19, 0.9455162882804871, 19
3904, 20, 0.8360657691955566, 20
3907, 28, 0.9941991567611694, 28
3913, 3, 0.4584919512271881, 3
3915, 6, 0.9557689428329468, 6
3917, 11, 0.7580261826515198, 11
3919, 20, 0.7814047336578369, 20
3920, 19, 0.8795620799064636, 19
3921, 22, 0.4604884684085846, 22
3923, 26, 0.39503535628318787, 26
3924, 3, 0.3370911777019501, 3
3925, 5, 0.7888303399085999, 5
3927, 5, 0.9873183369636536, 5
3928, 14, 0.999160885810852, 14
3929, 19, 0.7141090035438538, 19
3930, 18, 0.6410976052284241, 18
3934, 9, 0.43548208475112915, 9
3935, 17, 0.45217642188072205, 17
3936, 29, 0.965556263923645, 29
3938, 5, 0.9358298778533936, 5
394, 29, 0.7887414693832397, 29
3940, 13, 0.9999467134475708, 13
3943, 27, 0.41692131757736206, 27
3948, 22, 0.823843777179718, 22
3950, 14, 0.5869213342666626, 14
3951, 24, 0.9716942310333252, 24
3953, 16, 0.59767746925354, 16
3954, 8, 0.9996090531349182, 8
3956, 25, 0.6221656799316406, 25
3957, 6, 0.6886405944824219, 6
3958, 29, 0.6773049831390381, 29
3959, 2, 0.7480645179748535, 2
396, 5, 0.6355628967285156, 5
3961, 19, 0.992953360080719, 19
3962, 23, 0.9540867209434509, 23
3964, 7, 0.5694771409034729, 7
3967, 29, 0.7201352715492249, 29
3968, 19, 0.8232660293579102, 19
3969, 29, 0.9995017051696777, 29
3970, 16, 0.8645843267440796, 16
3973, 6, 0.5609585046768188, 6
3974, 26, 0.5515316724777222, 26
3975, 10, 0.9987912774085999, 10
3976, 24, 0.9943185448646545, 24
3978, 27, 1.0, 27
3979, 8, 0.6188222765922546, 8
3980, 28, 0.5780712366104126, 28
3981, 19, 0.6354085206985474, 19
3984, 29, 0.9442493319511414, 29
3987, 29, 0.5793775320053101, 29
399, 29, 0.6895127296447754, 29
3991, 14, 0.6480376124382019, 14
3992, 23, 0.9999520778656006, 23
3995, 2, 0.928510308265686, 2
3999, 19, 0.9170789122581482, 19
400, 13, 0.9574131369590759, 13
4000, 12, 0.9431914687156677, 12
4005, 10, 0.3625580966472626, 10
4007, 13, 0.9893513321876526, 13
4011, 3, 0.8871793150901794, 3
4012, 20, 0.991299569606781, 20
4013, 8, 0.3809061646461487, 8
4015, 22, 0.9461196660995483, 22
4017, 26, 0.7874398827552795, 26
4020, 11, 0.732776403427124, 11
4024, 19, 0.4943329691886902, 19
4027, 3, 0.9961101412773132, 3
4028, 26, 0.9995657801628113, 26
4029, 6, 0.47577667236328125, 6
403, 24, 0.6263682246208191, 24
4030, 29, 0.9924241304397583, 29
4032, 26, 0.7792355418205261, 26
4033, 20, 0.999710738658905, 20
4035, 16, 0.8621917366981506, 16
4037, 2, 0.6180002689361572, 2
4039, 9, 0.49051517248153687, 9
4041, 29, 0.93031907081604, 29
4044, 29, 0.662777841091156, 29
4045, 19, 0.9608644247055054, 19
4047, 8, 0.9650331139564514, 8
4049, 2, 0.9847838878631592, 2
4052, 2, 0.5327123403549194, 2
4053, 28, 0.3561967611312866, 28
4054, 9, 0.999462902545929, 9
4056, 8, 0.24202844500541687, 8
4058, 18, 0.9217643737792969, 18
4062, 15, 0.42819666862487793, 15
4063, 10, 0.29968953132629395, 10
4064, 10, 0.8988651037216187, 10
4065, 8, 0.65644371509552, 8
4066, 20, 0.9884659051895142, 20
4068, 26, 0.9184502959251404, 26
407, 2, 0.9522340893745422, 2
4070, 14, 0.9688105583190918, 14
4071, 19, 0.9991461038589478, 19
4072, 27, 0.9999994039535522, 27
4074, 19, 0.8965272903442383, 19
4075, 26, 0.9189895391464233, 26
4076, 1, 0.4149666726589203, 1
4077, 13, 0.6291206479072571, 13
4079, 22, 0.8472245335578918, 22
4080, 29, 0.806610643863678, 29
4081, 11, 0.9401724934577942, 11
4082, 1, 0.6319901943206787, 1
4085, 8, 0.7893810272216797, 8
4087, 24, 0.6282790303230286, 24
4088, 19, 0.7395442724227905, 19
4089, 19, 0.995215892791748, 19
409, 29, 0.9947123527526855, 29
4091, 29, 0.9961628913879395, 29
4095, 25, 0.6676005721092224, 25
4096, 6, 0.8456466794013977, 6
4099, 28, 0.5758483409881592, 28
41, 26, 0.9982776641845703, 26
410, 2, 0.5292639136314392, 2
4100, 13, 0.9999548196792603, 13
4102, 22, 0.6276479959487915, 22
4103, 22, 0.37035152316093445, 22
4104, 8, 0.9867379069328308, 8
4107, 14, 0.99065101146698, 14
4108, 4, 0.773134708404541, 4
4109, 7, 0.4748150110244751, 7
411, 8, 0.908736526966095, 8
4110, 4, 0.4804471433162689, 4
4111, 12, 0.41377395391464233, 12
4112, 6, 0.9529629349708557, 6
4114, 14, 0.3967010974884033, 14
4115, 16, 0.40643981099128723, 16
4117, 16, 0.9999217987060547, 16
4118, 2, 0.7812167406082153, 2
4121, 9, 0.9997935891151428, 9
4122, 19, 0.9132656455039978, 19
4124, 29, 0.9995954632759094, 29
4126, 11, 0.6123290657997131, 11
4127, 7, 0.9999878406524658, 7
4128, 2, 0.7493187189102173, 2
4129, 21, 0.7202445268630981, 21
413, 12, 0.999996542930603, 12
4132, 29, 0.9881079792976379, 29
4135, 7, 0.36312174797058105, 7
4137, 29, 0.7055096626281738, 29
4138, 27, 0.89804607629776, 27
4139, 20, 0.8712869882583618, 20
4142, 16, 0.3375217318534851, 16
4143, 13, 0.992361307144165, 13
4148, 28, 0.530697762966156, 28
4149, 29, 0.5289961695671082, 29
415, 16, 0.6999445557594299, 16
4150, 27, 1.0, 27
4154, 4, 0.8446707725524902, 4
4158, 1, 0.3097251057624817, 1
4159, 9, 0.2224501371383667, 9
4162, 23, 0.6038997173309326, 23
4167, 12, 0.7036076784133911, 12
4173, 3, 0.7138189077377319, 3
4177, 1, 0.9762469530105591, 1
4178, 3, 0.987145185470581, 3
418, 22, 0.6445842385292053, 22
4181, 2, 0.9994889497756958, 2
4182, 24, 0.7291446924209595, 24
4183, 13, 0.5520356297492981, 13
4184, 11, 0.6152487397193909, 11
4185, 19, 0.7606979608535767, 19
4189, 4, 0.6382748484611511, 4
4194, 12, 0.9882441759109497, 12
4196, 12, 0.7432912588119507, 12
4197, 16, 0.536465585231781, 16
420, 20, 0.8756004571914673, 20
4202, 3, 0.926662027835846, 3
4203, 18, 0.7824783325195312, 18
4206, 3, 0.48401427268981934, 3
4212, 29, 0.8037422299385071, 29
4213, 19, 0.3274867534637451, 19
4214, 9, 0.9789132475852966, 9
4216, 12, 0.570865273475647, 12
4217, 12, 0.9306108355522156, 12
4225, 5, 0.9168574810028076, 5
4226, 13, 0.9747451543807983, 13
4227, 26, 0.9723666310310364, 26
4229, 11, 0.9438936114311218, 11
423, 6, 0.9538999795913696, 6
4230, 10, 0.913389265537262, 10
4231, 11, 0.9716218709945679, 11
4234, 11, 0.3261536657810211, 11
4235, 12, 0.9998917579650879, 12
4238, 17, 0.6282556056976318, 17
4240, 25, 0.7569651007652283, 25
4241, 13, 0.9472103118896484, 13
4244, 19, 0.9149408936500549, 19
4245, 19, 0.9998482465744019, 19
4247, 19, 0.9987360835075378, 19
425, 29, 0.9957310557365417, 29
4252, 2, 0.9510236978530884, 2
4254, 3, 0.9726459980010986, 3
4257, 24, 0.3571399748325348, 24
4260, 21, 0.6863836646080017, 21
4261, 11, 0.21225212514400482, 11
4262, 2, 0.9985650181770325, 2
4263, 11, 0.9667890071868896, 11
4264, 16, 0.9972562193870544, 16
4269, 20, 0.3369358479976654, 20
4273, 3, 0.9494253993034363, 3
4275, 18, 0.28128984570503235, 18
4279, 9, 0.5662415623664856, 9
428, 4, 0.9443506002426147, 4
4283, 26, 0.9992119073867798, 26
4285, 10, 0.9662488102912903, 10
4286, 28, 0.6569312810897827, 28
4287, 8, 0.6712765097618103, 8
4289, 24, 0.5355088114738464, 24
429, 25, 0.993850588798523, 25
4291, 22, 0.9968774318695068, 22
4292, 28, 0.9776057600975037, 28
4297, 27, 0.9999958276748657, 27
4298, 14, 0.2988281846046448, 14
4300, 8, 0.9519597887992859, 8
4301, 29, 0.8527408838272095, 29
4308, 10, 0.8659469485282898, 10
4310, 29, 0.6840394735336304, 29
4311, 19, 0.5251371264457703, 19
4313, 24, 0.9238955974578857, 24
4316, 29, 0.5776746869087219, 29
4318, 29, 0.9290940165519714, 29
4319, 3, 0.9444351196289062, 3
4320, 5, 0.5507504940032959, 5
4321, 22, 0.7974331974983215, 22
4323, 11, 0.9986039996147156, 11
4325, 2, 0.7478778958320618, 2
4327, 10, 0.40498843789100647, 10
4332, 13, 0.9992382526397705, 13
4334, 4, 0.5966934561729431, 4
4336, 29, 0.8089214563369751, 29
4337, 29, 0.6022405028343201, 29
4340, 11, 0.9576021432876587, 11
4345, 21, 0.998969554901123, 21
4347, 11, 0.9896364808082581, 11
4348, 1, 0.430386483669281, 1
4349, 25, 0.962165355682373, 25
4350, 8, 0.42379099130630493, 8
4352, 25, 0.5436198115348816, 25
4355, 19, 0.6715655326843262, 19
4356, 24, 0.8350839614868164, 24
4357, 3, 0.8653818964958191, 3
4358, 10, 0.9221270084381104, 10
4359, 12, 0.35630422830581665, 12
4361, 26, 0.8714837431907654, 26
4362, 29, 0.8302855491638184, 29
4363, 23, 0.5433181524276733, 23
4365, 29, 0.244360089302063, 29
4369, 14, 0.8965007662773132, 14
437, 5, 0.9819489121437073, 5
4372, 23, 0.5380722880363464, 23
4374, 17, 0.36529022455215454, 17
4375, 6, 0.5420852303504944, 6
438, 27, 0.6393004059791565, 27
4383, 6, 0.7108845114707947, 6
4385, 15, 0.5029193162918091, 15
4386, 21, 0.8111886978149414, 21
439, 23, 0.8075899481773376, 23
4391, 12, 0.9476801753044128, 12
4392, 9, 0.8346869349479675, 9
4394, 26, 0.9998363256454468, 26
4395, 20, 0.29405295848846436, 20
4396, 22, 0.6087334752082825, 22
4398, 1, 0.9854486584663391, 1
4399, 2, 0.9998775720596313, 2
440, 25, 0.6133691072463989, 25
4401, 27, 0.9862598180770874, 27
4403, 11, 0.45740634202957153, 11
4405, 17, 0.6654483675956726, 17
4406, 8, 0.6681846380233765, 8
4407, 16, 0.619533360004425, 16
441, 20, 0.8792065978050232, 20
4412, 22, 0.4996006190776825, 22
4413, 12, 0.924355685710907, 12
4414, 17, 0.7293748259544373, 17
4415, 11, 0.933256208896637, 11
4416, 10, 0.8139821887016296, 10
4418, 17, 0.9383950233459473, 17
4429, 5, 0.6917232871055603, 5
4431, 12, 0.5009257197380066, 12
4432, 27, 0.998900294303894, 27
4433, 11, 0.8167559504508972, 11
4434, 4, 0.8910559415817261, 4
4435, 29, 0.8795158267021179, 29
4437, 26, 0.9762691259384155, 26
4438, 23, 0.9126517176628113, 23
4441, 18, 0.41203755140304565, 18
4448, 10, 0.48894840478897095, 10
445, 5, 0.7987486720085144, 5
4451, 29, 0.9905080795288086, 29
4452, 26, 0.2818918228149414, 26
4453, 5, 0.3208462595939636, 5
4456, 8, 0.9688868522644043, 8
4457, 1, 0.6955007910728455, 1
4458, 2, 0.883984386920929, 2
4459, 12, 0.8687832355499268, 12
4469, 19, 0.9034894108772278, 19
447, 18, 0.7209059596061707, 18
4473, 25, 0.9718962907791138, 25
4476, 24, 0.9970809817314148, 24
4477, 8, 0.5102173686027527, 8
4478, 24, 0.7832756638526917, 24
4481, 29, 0.9848451614379883, 29
4484, 22, 0.5763132572174072, 22
4485, 3, 0.6989910006523132, 3
4487, 13, 0.9770605564117432, 13
4489, 16, 0.778130054473877, 16
4494, 29, 0.6439457535743713, 29
4498, 29, 0.8819652795791626, 29
45, 17, 0.9897944331169128, 17
4502, 25, 0.47734683752059937, 25
4506, 7, 0.9628100991249084, 7
4508, 16, 0.6095182299613953, 16
451, 5, 0.8797436356544495, 5
4513, 23, 0.3625783324241638, 23
4515, 8, 0.7426166534423828, 8
4516, 12, 0.705066978931427, 12
4518, 29, 0.9416909217834473, 29
4519, 2, 0.4096848964691162, 2
4521, 26, 0.5718488097190857, 26
4524, 29, 0.988332211971283, 29
4526, 12, 0.9804161190986633, 12
4527, 16, 0.7117800712585449, 16
453, 11, 0.7435848116874695, 11
4533, 13, 0.9912126660346985, 13
4534, 7, 0.5286434888839722, 7
4535, 19, 0.9994258880615234, 19
4538, 29, 0.9998713731765747, 29
4539, 19, 0.503409743309021, 19
4543, 8, 0.48316776752471924, 8
4544, 27, 0.9247503876686096, 27
4548, 21, 0.5548995733261108, 21
4549, 27, 0.7719538807868958, 27
4550, 26, 0.45037925243377686, 26
4551, 3, 0.6290459632873535, 3
4552, 3, 0.45164117217063904, 3
4554, 29, 0.505211353302002, 29
4555, 19, 0.9525191187858582, 19
4556, 23, 0.31277498602867126, 23
4564, 7, 0.5672236084938049, 7
4565, 12, 0.4693281054496765, 12
4566, 22, 0.9998016953468323, 22
4567, 2, 0.9999274015426636, 2
4569, 5, 0.41377970576286316, 5
457, 14, 0.7211364507675171, 14
4570, 13, 0.9986881613731384, 13
4571, 29, 0.3701169192790985, 29
4572, 27, 0.5514024496078491, 27
4575, 7, 0.7982457876205444, 7
4579, 5, 0.41078799962997437, 5
4583, 6, 0.9006989002227783, 6
4584, 13, 0.999796450138092, 13
4586, 13, 0.998469889163971, 13
4587, 29, 0.995089590549469, 29
459, 22, 0.8409144878387451, 22
4593, 22, 0.936403214931488, 22
4594, 25, 0.767501950263977, 25
4597, 3, 0.7029073238372803, 3
4599, 19, 0.9949758052825928, 19
46, 20, 0.9920125603675842, 20
4602, 27, 0.6054885387420654, 27
4603, 2, 0.9674833416938782, 2
4605, 13, 0.9998608827590942, 13
4608, 13, 0.9998824596405029, 13
4609, 21, 0.5839422345161438, 21
4612, 27, 0.8408601880073547, 27
4613, 25, 0.772718608379364, 25
4619, 16, 0.47938457131385803, 16
462, 2, 0.9804626703262329, 2
4621, 13, 0.9999526739120483, 13
4623, 11, 0.5177690386772156, 11
4624, 5, 0.9059475064277649, 5
4627, 10, 0.5992669463157654, 10
4629, 21, 0.6353967785835266, 21
463, 26, 0.374047189950943, 26
4630, 17, 0.9803490042686462, 17
4631, 28, 0.9950816631317139, 28
4632, 12, 0.514080822467804, 12
4633, 26, 0.419710248708725, 26
4635, 29, 0.9921891689300537, 29
464, 14, 0.9981657862663269, 14
4640, 11, 0.7964762449264526, 11
4641, 14, 0.3450559377670288, 14
4645, 27, 0.8470703363418579, 27
4646, 15, 0.5706099271774292, 15
4647, 12, 0.9972355961799622, 12
4649, 19, 0.9153785705566406, 19
465, 2, 0.8913843631744385, 2
4650, 26, 0.8732761740684509, 26
4651, 19, 0.42340630292892456, 19
4654, 7, 0.8324106335639954, 7
4655, 7, 0.931990385055542, 7
4658, 1, 0.3697015345096588, 1
4659, 14, 0.7300717234611511, 14
4661, 4, 0.23406589031219482, 4
4662, 24, 0.8818109631538391, 24
4667, 27, 0.9882006645202637, 27
4668, 29, 0.6898074150085449, 29
4669, 24, 0.9751691818237305, 24
467, 4, 0.8194329738616943, 4
4673, 3, 0.8271913528442383, 3
4674, 29, 0.5313889384269714, 29
4675, 10, 0.9839736819267273, 10
468, 12, 0.9962621331214905, 12
4680, 24, 0.8247467279434204, 24
4681, 22, 0.9670649766921997, 22
4682, 6, 0.9375032186508179, 6
4687, 26, 0.459489107131958, 26
4692, 13, 0.9999983310699463, 13
4695, 12, 0.9999598264694214, 12
470, 29, 0.9458038806915283, 29
4700, 8, 0.3188903033733368, 8
4701, 19, 0.8263818621635437, 19
4702, 29, 0.9991145730018616, 29
4705, 19, 0.4110479950904846, 19
4706, 29, 0.9501184225082397, 29
4708, 17, 0.6934870481491089, 17
4714, 5, 0.821933388710022, 5
4715, 2, 0.5100095868110657, 2
4719, 19, 0.7673359513282776, 19
472, 11, 0.9586142301559448, 11
4723, 18, 0.6444692611694336, 18
4725, 24, 0.5705122947692871, 24
4728, 19, 0.40113145112991333, 19
4729, 5, 0.4628182053565979, 5
473, 10, 0.44089576601982117, 10
4730, 23, 0.978127121925354, 23
4733, 20, 0.9945143461227417, 20
4735, 22, 0.932395339012146, 22
4737, 3, 0.6502822041511536, 3
4738, 6, 0.7792068123817444, 6
4739, 29, 0.9998698234558105, 29
4740, 4, 0.9590008854866028, 4
4741, 13, 0.9995694756507874, 13
4742, 24, 0.5487158894538879, 24
4744, 26, 0.9998915195465088, 26
4747, 25, 0.9505521059036255, 25
4750, 6, 0.5122370719909668, 6
4752, 8, 0.4349134862422943, 8
4756, 24, 0.358224481344223, 24
4758, 20, 0.8673332929611206, 20
4761, 29, 0.8736265301704407, 29
4762, 20, 0.37084317207336426, 20
4767, 19, 0.9969369173049927, 19
4769, 21, 0.27974024415016174, 21
4770, 5, 0.6543129682540894, 5
4771, 8, 0.8130387663841248, 8
4772, 7, 0.9999184608459473, 7
4773, 8, 0.40378236770629883, 8
4774, 27, 0.9773645997047424, 27
4775, 19, 0.9043388366699219, 19
4777, 18, 0.5348740816116333, 18
4778, 1, 0.7163532376289368, 1
4779, 25, 0.7709243297576904, 25
478, 29, 0.6465122103691101, 29
4780, 10, 0.4861445426940918, 10
4781, 29, 0.984498918056488, 29
4782, 29, 0.9585503935813904, 29
4784, 12, 0.701830267906189, 12
4787, 19, 0.4703117311000824, 19
4788, 29, 0.8300460577011108, 29
4789, 25, 0.7315486669540405, 25
4791, 26, 0.4704887866973877, 26
4792, 8, 0.3899756073951721, 8
4794, 13, 0.9997571110725403, 13
4795, 22, 0.9475523233413696, 22
4796, 3, 0.6932235360145569, 3
4802, 13, 0.9989074468612671, 13
4803, 11, 0.6227075457572937, 11
4805, 27, 0.9999960660934448, 27
4807, 23, 0.9999996423721313, 23
4811, 11, 0.986409604549408, 11
4812, 2, 0.39511898159980774, 2
4817, 19, 0.4460766911506653, 19
4819, 21, 0.5420581102371216, 21
4820, 7, 0.9917919635772705, 7
4821, 2, 0.40126118063926697, 2
4824, 11, 0.9541863203048706, 11
4825, 21, 0.8765254616737366, 21
4826, 14, 0.7875098586082458, 14
4828, 16, 0.708808422088623, 16
4829, 12, 0.7355254888534546, 12
483, 16, 0.6139252185821533, 16
4830, 14, 0.8515257835388184, 14
4833, 27, 0.9997560381889343, 27
4837, 16, 0.3680219054222107, 16
4838, 12, 0.7578381299972534, 12
484, 12, 0.4769515097141266, 12
4840, 19, 0.9983408451080322, 19
4842, 10, 0.8738694190979004, 10
4843, 22, 0.9947040677070618, 22
4844, 11, 0.9897645711898804, 11
4845, 2, 0.9954879879951477, 2
4847, 26, 0.4870871603488922, 26
4851, 22, 0.9883184432983398, 22
4852, 27, 0.9999984502792358, 27
4854, 26, 0.7000613212585449, 26
486, 19, 0.9996009469032288, 19
4861, 12, 0.8785846829414368, 12
4863, 3, 0.7099910378456116, 3
4865, 22, 0.9770934581756592, 22
4866, 29, 0.994636595249176, 29
4867, 17, 0.7972878813743591, 17
4868, 22, 0.6597880125045776, 22
487, 27, 0.9562519192695618, 27
4870, 7, 0.7528999447822571, 7
4871, 7, 0.5151023268699646, 7
4874, 3, 0.7720125913619995, 3
4877, 23, 0.8550118207931519, 23
488, 20, 0.683005690574646, 20
4880, 27, 0.999984622001648, 27
4881, 18, 0.24503643810749054, 18
4882, 22, 0.7425758242607117, 22
4884, 14, 0.97288978099823, 14
4885, 13, 0.8968583941459656, 13
4886, 11, 0.8235494494438171, 11
489, 13, 0.998791515827179, 13
4890, 13, 0.9918743968009949, 13
4891, 22, 0.32402244210243225, 22
4893, 16, 0.9513197541236877, 16
4898, 26, 0.8151525855064392, 26
4899, 29, 0.5887234210968018, 29
4905, 11, 0.5906612873077393, 11
4907, 12, 0.48486199975013733, 12
4908, 6, 0.8089867234230042, 6
491, 25, 0.9985806941986084, 25
4913, 26, 0.7180614471435547, 26
4914, 23, 0.9118594527244568, 23
4916, 10, 0.8972997069358826, 10
4919, 2, 0.9196091294288635, 2
492, 7, 0.5374293923377991, 7
4920, 13, 0.49845436215400696, 13
4921, 6, 0.38271087408065796, 6
4922, 9, 0.47653090953826904, 9
4924, 24, 0.6738616824150085, 24
4927, 9, 0.6164032220840454, 9
4928, 16, 0.9033821821212769, 16
4929, 25, 0.7651847004890442, 25
493, 29, 0.21308384835720062, 29
4930, 1, 0.890404999256134, 1
4935, 6, 0.5691618323326111, 6
4939, 16, 0.5447946786880493, 16
494, 2, 0.6200910210609436, 2
4940, 18, 0.8543519377708435, 18
4942, 14, 0.9999228715896606, 14
4946, 8, 0.5719568729400635, 8
4949, 17, 0.48722735047340393, 17
4951, 29, 0.9980351328849792, 29
4952, 2, 0.9977951049804688, 2
4958, 22, 0.4151361882686615, 22
496, 3, 0.4514380693435669, 3
4960, 29, 0.9461374878883362, 29
4961, 28, 0.9297698140144348, 28
4963, 2, 0.9229792952537537, 2
4965, 17, 0.9521908164024353, 17
4967, 3, 0.854189395904541, 3
4969, 7, 0.9769753217697144, 7
4971, 26, 0.4908619523048401, 26
4972, 7, 0.5650858283042908, 7
4973, 20, 0.9859155416488647, 20
4976, 26, 0.9615887403488159, 26
4978, 12, 0.9801300764083862, 12
4979, 25, 0.8120985627174377, 25
4981, 7, 0.9997268319129944, 7
4982, 19, 0.9999970197677612, 19
4983, 9, 0.561633825302124, 9
4985, 28, 0.4531589150428772, 28
4988, 10, 0.9774379730224609, 10
4989, 16, 0.94625324010849, 16
499, 17, 0.6771942973136902, 17
4991, 10, 0.33732059597969055, 10
4997, 24, 0.9787868857383728, 24
4998, 29, 0.4384602904319763, 29
4999, 15, 0.6551595330238342, 15
50, 25, 0.4051160216331482, 25
500, 26, 0.5529309511184692, 26
5001, 11, 0.9996929168701172, 11
5003, 6, 0.8122433423995972, 6
5004, 5, 0.42193716764450073, 5
5006, 29, 0.24661760032176971, 29
501, 16, 0.9873465895652771, 16
5012, 26, 0.5774232149124146, 26
5013, 19, 0.9976928234100342, 19
5014, 5, 0.995798647403717, 5
5017, 24, 0.5354713797569275, 24
5019, 22, 0.9915880560874939, 22
502, 23, 0.9806917905807495, 23
5023, 3, 0.9911708235740662, 3
5024, 23, 0.732772946357727, 23
5026, 22, 0.8895135521888733, 22
5027, 4, 0.9780948758125305, 4
5030, 14, 0.9999071359634399, 14
5031, 25, 0.8161296844482422, 25
5033, 19, 0.9920766353607178, 19
5034, 8, 0.7618147134780884, 8
5035, 5, 0.9621140360832214, 5
5039, 21, 0.9668574333190918, 21
504, 18, 0.9202260971069336, 18
5043, 8, 0.6067508459091187, 8
5044, 12, 0.999984860420227, 12
5046, 11, 0.6583413481712341, 11
5049, 26, 0.6641903519630432, 26
5050, 29, 0.9730829000473022, 29
5053, 12, 0.6593250036239624, 12
5055, 2, 0.40066584944725037, 2
5057, 22, 0.8965842127799988, 22
5060, 23, 0.39398160576820374, 23
5062, 29, 0.42880895733833313, 29
5063, 24, 0.8562333583831787, 24
5065, 17, 0.40069252252578735, 17
5067, 24, 0.3645748496055603, 24
5068, 22, 0.9885166883468628, 22
5070, 26, 0.3653286397457123, 26
5072, 12, 0.30057212710380554, 12
5073, 12, 0.4854201078414917, 12
5082, 27, 0.9999977350234985, 27
5083, 7, 0.9820324778556824, 7
5084, 4, 0.9517970681190491, 4
5085, 14, 0.9931532144546509, 14
5086, 12, 0.23341119289398193, 12
5088, 9, 0.4591790437698364, 9
5089, 23, 0.6561048030853271, 23
509, 23, 0.36311575770378113, 23
5090, 21, 0.939161479473114, 21
5091, 29, 0.9796777367591858, 29
5093, 25, 0.4131411612033844, 25
5097, 6, 0.843512237071991, 6
51, 11, 0.9522426128387451, 11
510, 11, 0.9463278651237488, 11
5100, 8, 0.33051246404647827, 8
5101, 29, 0.7566689252853394, 29
5102, 19, 0.9783689975738525, 19
5103, 12, 0.500571072101593, 12
5107, 19, 0.6851484775543213, 19
5108, 22, 0.42963799834251404, 22
5109, 14, 0.909364640712738, 14
5111, 5, 0.9801422357559204, 5
5115, 9, 0.2033313810825348, 9
5117, 24, 0.41127809882164, 24
5118, 2, 0.8150284886360168, 2
5119, 26, 0.3854134678840637, 26
5121, 12, 0.9539679884910583, 12
5122, 5, 0.6710056662559509, 5
5124, 13, 0.8569871783256531, 13
5126, 1, 0.4777265191078186, 1
513, 3, 0.9970842003822327, 3
5130, 24, 0.5658208727836609, 24
5131, 12, 0.6078879237174988, 12
5132, 25, 0.5778026580810547, 25
5135, 26, 0.9999501705169678, 26
5136, 10, 0.2864917516708374, 10
5140, 27, 0.9850355386734009, 27
5142, 22, 0.931091845035553, 22
5143, 24, 0.981052577495575, 24
5144, 22, 0.8030948638916016, 22
5149, 22, 0.9146397113800049, 22
515, 21, 0.6869568824768066, 21
5150, 20, 0.7732545733451843, 20
5151, 8, 0.8335354924201965, 8
5153, 14, 0.6013785004615784, 14
5155, 20, 0.418609082698822, 20
5160, 19, 0.49913284182548523, 19
5163, 2, 0.4072544276714325, 2
5165, 8, 0.7389730215072632, 8
5166, 7, 0.7391800284385681, 7
5167, 28, 0.39430442452430725, 28
5169, 16, 0.9947832226753235, 16
5170, 25, 0.9573416709899902, 25
5171, 23, 0.7812510132789612, 23
5172, 19, 0.7942338585853577, 19
5173, 6, 0.3927597403526306, 6
5176, 12, 0.6070154309272766, 12
5177, 27, 0.5707688331604004, 27
5178, 16, 0.563065767288208, 16
518, 27, 0.36188074946403503, 27
5181, 11, 0.5457756519317627, 11
5182, 29, 0.9817067980766296, 29
5186, 28, 0.9115302562713623, 28
5189, 26, 0.41617757081985474, 26
519, 29, 0.6485999226570129, 29
5190, 12, 0.9974972605705261, 12
5191, 25, 0.9606033563613892, 25
5192, 25, 0.6198081970214844, 25
5195, 29, 0.755352795124054, 29
5197, 28, 0.6420087218284607, 28
5199, 7, 0.5928653478622437, 7
52, 9, 0.3757202923297882, 9
520, 20, 0.5598912239074707, 20
5200, 6, 0.6101829409599304, 6
5201, 13, 0.9940111041069031, 13
5203, 4, 0.1623871624469757, 4
5204, 22, 0.7855209708213806, 22
5205, 3, 0.9471721053123474, 3
5207, 13, 0.9996150732040405, 13
5208, 9, 0.5040922164916992, 9
5209, 12, 0.5710509419441223, 12
5211, 29, 0.8779910802841187, 29
5215, 2, 0.9999816417694092, 2
5216, 27, 0.9937567710876465, 27
5218, 10, 0.7260609269142151, 10
5219, 14, 0.9900217652320862, 14
522, 19, 0.9999964237213135, 19
5224, 21, 0.5472313165664673, 21
5225, 8, 0.5175532102584839, 8
5228, 17, 0.3632230758666992, 17
5231, 23, 0.9693179130554199, 23
5234, 21, 0.9824376702308655, 21
5237, 19, 0.8403546214103699, 19
5238, 7, 0.5134235620498657, 7
524, 26, 0.43725478649139404, 26
5240, 11, 0.49525001645088196, 11
5242, 13, 0.9946345090866089, 13
5249, 28, 0.9155616164207458, 28
525, 25, 0.7258599400520325, 25
5250, 11, 0.3013820946216583, 11
5251, 28, 0.3337162733078003, 28
5252, 24, 0.99493008852005, 24
5253, 18, 0.7447732090950012, 18
5259, 14, 0.8639670610427856, 14
526, 29, 0.5219385623931885, 29
5260, 10, 0.8352131843566895, 10
5261, 14, 0.9379803538322449, 14
5262, 21, 0.4303353428840637, 21
5266, 12, 0.9567345976829529, 12
5268, 11, 0.7853604555130005, 11
527, 27, 0.9858036041259766, 27
5271, 12, 0.945168137550354, 12
5273, 21, 0.45583176612854004, 21
5274, 29, 0.9568815231323242, 29
5276, 19, 0.3426649868488312, 19
5278, 2, 0.9999680519104004, 2
5279, 5, 0.9904909133911133, 5
5281, 17, 0.9997408986091614, 17
5282, 17, 0.6006169319152832, 17
5283, 7, 0.9649384021759033, 7
5284, 24, 0.9291902780532837, 24
5287, 29, 0.8457382321357727, 29
5289, 27, 1.0, 27
5299, 22, 0.9078044891357422, 22
53, 25, 0.9393237233161926, 25
5300, 2, 0.9775535464286804, 2
5301, 25, 0.5682621598243713, 25
5306, 25, 0.6530012488365173, 25
5309, 26, 0.9393731355667114, 26
5311, 19, 0.993291974067688, 19
5312, 25, 0.4898518919944763, 25
5313, 29, 0.9924815893173218, 29
5316, 8, 0.999152660369873, 8
5317, 12, 0.48206302523612976, 12
5320, 6, 0.461342990398407, 6
5321, 20, 0.6845793724060059, 20
5322, 26, 0.7420791387557983, 26
5323, 5, 0.5741323232650757, 5
5324, 4, 0.8348428010940552, 4
5326, 24, 0.8989142179489136, 24
5327, 11, 0.8174701929092407, 11
5329, 6, 0.7244657874107361, 6
533, 13, 0.9999949932098389, 13
5336, 9, 0.9471516013145447, 9
5337, 17, 0.9988788962364197, 17
5338, 10, 0.8986607193946838, 10
5339, 22, 0.8059512376785278, 22
534, 29, 0.6077017784118652, 29
5340, 14, 0.9757614135742188, 14
5341, 7, 0.2683100700378418, 7
5344, 22, 0.9984883069992065, 22
5345, 19, 0.9913267493247986, 19
5347, 26, 0.9955561757087708, 26
5349, 4, 0.8022807836532593, 4
5352, 3, 0.9205626845359802, 3
5357, 19, 0.7044867277145386, 19
5358, 16, 0.7800310850143433, 16
536, 19, 0.7762599587440491, 19
5360, 20, 0.9509426951408386, 20
5363, 2, 0.6424248814582825, 2
5364, 13, 0.4725775122642517, 13
5368, 24, 0.9069761633872986, 24
537, 6, 0.9338101744651794, 6
5373, 29, 0.995922327041626, 29
5375, 15, 0.3736536502838135, 15
5376, 18, 0.613243579864502, 18
5379, 25, 0.49495628476142883, 25
5380, 16, 0.30990734696388245, 16
5385, 9, 0.9999901056289673, 9
5386, 13, 0.9579392671585083, 13
539, 6, 0.4928431212902069, 6
5393, 14, 0.8110008239746094, 14
5394, 19, 0.9267920255661011, 19
5395, 13, 0.9997860789299011, 13
54, 29, 0.9492908716201782, 29
540, 8, 0.9702277183532715, 8
5400, 29, 0.9268761277198792, 29
5401, 10, 0.6453498005867004, 10
5402, 5, 0.4244649410247803, 5
5404, 2, 0.7216219305992126, 2
5405, 4, 0.8699601292610168, 4
5406, 19, 0.5091114044189453, 19
5407, 11, 0.89590984582901, 11
5408, 25, 0.9992609620094299, 25
5409, 11, 0.8590208888053894, 11
541, 16, 0.4494694769382477, 16
5410, 20, 0.39879781007766724, 20
5411, 4, 0.9729043245315552, 4
5412, 7, 0.973747968673706, 7
5413, 29, 0.5809556245803833, 29
5415, 12, 0.3881296217441559, 12
5416, 15, 0.9989325404167175, 15
5417, 8, 0.3806189298629761, 8
5418, 3, 0.9328257441520691, 3
542, 25, 0.5688401460647583, 25
5420, 12, 0.740747332572937, 12
5421, 12, 0.90940922498703, 12
5426, 11, 0.9783242344856262, 11
5427, 25, 0.7700708508491516, 25
543, 2, 0.9995637536048889, 2
5430, 25, 0.9489266276359558, 25
5433, 13, 0.9997510313987732, 13
5436, 7, 0.485623836517334, 7
5438, 29, 0.9735649228096008, 29
5439, 29, 0.8852522969245911, 29
5440, 27, 0.9823839664459229, 27
5441, 5, 0.4917007088661194, 5
5444, 22, 0.9787984490394592, 22
5449, 26, 0.9966652989387512, 26
5450, 12, 0.8946983814239502, 12
5451, 20, 0.7782881855964661, 20
5453, 8, 0.4858631491661072, 8
5454, 18, 0.3454374074935913, 18
5455, 7, 0.9329053163528442, 7
5456, 27, 0.999987006187439, 27
5457, 13, 0.8745584487915039, 13
5458, 29, 0.6255436539649963, 29
5459, 11, 0.9992398023605347, 11
5461, 24, 0.9833147525787354, 24
5462, 9, 0.815300703048706, 9
5463, 5, 0.35422006249427795, 5
5464, 27, 0.9989338517189026, 27
5466, 6, 0.473278671503067, 6
5467, 10, 0.9245016574859619, 10
5468, 25, 0.9821255207061768, 25
5469, 22, 0.9983476400375366, 22
5470, 21, 0.9642215371131897, 21
5472, 22, 0.513541042804718, 22
5473, 29, 0.986453115940094, 29
5475, 14, 0.999076247215271, 14
5476, 29, 0.9902724623680115, 29
5479, 12, 0.6904147863388062, 12
5481, 24, 0.8783636093139648, 24
5483, 13, 0.7095699310302734, 13
5484, 27, 0.999996542930603, 27
5487, 16, 0.45212024450302124, 16
5489, 14, 0.5028466582298279, 14
5491, 27, 0.9999116659164429, 27
5492, 26, 0.9653047323226929, 26
5493, 29, 0.4915001392364502, 29
5494, 18, 0.6336969137191772, 18
5495, 24, 0.6039969325065613, 24
5496, 29, 0.899717390537262, 29
5497, 26, 0.566981852054596, 26
5499, 19, 0.9226690530776978, 19
550, 24, 0.9733498096466064, 24
5500, 3, 0.5293115973472595, 3
5501, 25, 0.9631442427635193, 25
5502, 20, 0.9998524188995361, 20
5503, 14, 0.47678273916244507, 14
5505, 26, 0.2964703440666199, 26
5506, 29, 0.9778518676757812, 29
5507, 20, 0.5402079820632935, 20
5509, 8, 0.9974187612533569, 8
5513, 22, 0.9844953417778015, 22
5514, 6, 0.7563768625259399, 6
5515, 27, 0.5693988800048828, 27
5517, 16, 0.445873886346817, 16
5518, 14, 0.7102115750312805, 14
5519, 11, 0.8744715452194214, 11
5521, 7, 0.5313476920127869, 7
5522, 4, 0.431474506855011, 4
5524, 10, 0.8600488901138306, 10
5525, 27, 0.9971720576286316, 27
5526, 28, 0.7237349152565002, 28
5527, 5, 0.5014573931694031, 5
5531, 29, 0.9400964975357056, 29
5533, 14, 0.724694550037384, 14
5535, 21, 0.9625347852706909, 21
5537, 11, 0.7882762551307678, 11
554, 22, 0.9081400036811829, 22
5541, 2, 0.79754638671875, 2
5543, 22, 0.5020051598548889, 22
555, 29, 0.5875295996665955, 29
5550, 20, 0.9790493249893188, 20
5553, 19, 0.998668909072876, 19
5554, 8, 0.6103740334510803, 8
5555, 18, 0.9797378778457642, 18
5557, 1, 0.6619284749031067, 1
5559, 16, 0.9999927282333374, 16
5560, 29, 0.9904128909111023, 29
5561, 10, 0.9914251565933228, 10
5562, 24, 0.960440993309021, 24
5563, 20, 0.7294414043426514, 20
5564, 13, 0.9293918609619141, 13
5565, 27, 1.0, 27
5566, 2, 0.8931357860565186, 2
5568, 5, 0.523609459400177, 5
5569, 4, 0.9658328294754028, 4
557, 12, 0.20932717621326447, 12
5570, 22, 0.8580472469329834, 22
5571, 14, 0.9996532201766968, 14
5572, 12, 0.561985433101654, 12
5573, 2, 0.752714991569519, 2
5574, 29, 0.5580615401268005, 29
5575, 29, 0.9999638795852661, 29
5580, 28, 0.17629201710224152, 28
5581, 4, 0.35036501288414, 4
5583, 23, 0.46885544061660767, 23
5584, 18, 0.6660267114639282, 18
5585, 29, 0.8044659495353699, 29
5586, 12, 0.40802907943725586, 12
5587, 24, 0.9990517497062683, 24
559, 25, 0.8800755143165588, 25
5590, 7, 0.5325683951377869, 7
5591, 26, 0.9415997862815857, 26
5594, 8, 0.9998785257339478, 8
5596, 16, 0.9065583944320679, 16
5598, 12, 0.9947898387908936, 12
5600, 17, 0.840572714805603, 17
5602, 21, 0.3413054943084717, 21
5603, 22, 0.4686042368412018, 22
5604, 11, 0.5399169325828552, 11
5606, 19, 0.9880321025848389, 19
5607, 5, 0.9888094067573547, 5
5609, 14, 0.991928219795227, 14
561, 13, 0.987220287322998, 13
5611, 16, 0.42874208092689514, 16
5614, 15, 0.3940487802028656, 15
5615, 15, 0.9910586476325989, 15
5616, 19, 0.2957037389278412, 19
5617, 4, 0.5959377288818359, 4
5618, 2, 0.9831191897392273, 2
5619, 18, 0.3199426829814911, 18
562, 24, 0.9802606701850891, 24
5622, 8, 0.5412456393241882, 8
5623, 13, 0.9286710023880005, 13
5624, 19, 0.997421383857727, 19
5626, 2, 0.8485039472579956, 2
5627, 1, 0.5180954933166504, 1
5629, 24, 0.9447275400161743, 24
5630, 13, 0.7162571549415588, 13
5631, 29, 0.9832469820976257, 29
5632, 23, 0.47299665212631226, 23
5633, 27, 0.9999419450759888, 27
5634, 29, 0.9902016520500183, 29
5636, 20, 0.9725602269172668, 20
5637, 29, 0.539313554763794, 29
5640, 18, 0.9638272523880005, 18
5641, 10, 0.3994387984275818, 10
5643, 8, 0.7716957926750183, 8
5644, 19, 0.9821841716766357, 19
5648, 25, 0.9215571880340576, 25
565, 7, 0.45074594020843506, 7
5650, 22, 0.9035731554031372, 22
5652, 10, 0.6493086814880371, 10
5654, 26, 0.9805178642272949, 26
5655, 17, 0.989713191986084, 17
5657, 22, 0.4089200794696808, 22
5659, 11, 0.8125017881393433, 11
566, 28, 0.5677710175514221, 28
5661, 19, 0.34978586435317993, 19
5662, 11, 0.6866662502288818, 11
5663, 3, 0.836742103099823, 3
5664, 27, 0.5055404305458069, 27
5665, 1, 0.34469279646873474, 1
5666, 12, 0.9728806614875793, 12
567, 29, 0.8937928676605225, 29
5674, 7, 0.8526438474655151, 7
5679, 9, 0.5702330470085144, 9
568, 13, 0.4486854672431946, 13
5681, 21, 0.8310561180114746, 21
5682, 3, 0.23408575356006622, 3
5684, 24, 0.9994328618049622, 24
5687, 13, 0.8532523512840271, 13
5689, 12, 0.8677924871444702, 12
5691, 4, 0.9870964288711548, 4
5696, 22, 0.9870901703834534, 22
5697, 23, 0.968488872051239, 23
5699, 4, 0.44196638464927673, 4
570, 2, 0.9754245281219482, 2
5700, 29, 0.9957411289215088, 29
5702, 12, 0.9979471564292908, 12
5706, 29, 0.4120495617389679, 29
5707, 25, 0.4900393486022949, 25
5708, 13, 0.9996336698532104, 13
5711, 2, 0.8758249878883362, 2
5712, 5, 0.8748435378074646, 5
5713, 25, 0.4072955846786499, 25
5714, 15, 0.6755968332290649, 15
5717, 25, 0.983302891254425, 25
5719, 2, 0.9504354596138, 2
572, 24, 0.6722824573516846, 24
5720, 13, 0.971947968006134, 13
5721, 14, 0.9102910757064819, 14
5722, 29, 0.5473070740699768, 29
5724, 14, 0.353950560092926, 14
5725, 2, 0.4829946756362915, 2
5726, 5, 0.7619039416313171, 5
5727, 21, 0.5404514074325562, 21
573, 25, 0.9876781105995178, 25
5730, 12, 0.835161030292511, 12
5731, 14, 0.9999501705169678, 14
5733, 13, 0.767985999584198, 13
5734, 9, 0.5622009634971619, 9
5735, 29, 0.9934157133102417, 29
5738, 12, 0.5351723432540894, 12
574, 18, 0.6530759334564209, 18
5741, 5, 0.9694072008132935, 5
5745, 2, 0.9844971895217896, 2
5746, 23, 0.35231566429138184, 23
5747, 23, 0.9380770921707153, 23
5748, 24, 0.9785586595535278, 24
5749, 27, 0.7118986248970032, 27
5750, 19, 0.3801898658275604, 19
5755, 20, 0.9941945672035217, 20
5757, 8, 0.9715585112571716, 8
5759, 19, 0.9840880632400513, 19
5760, 29, 0.9987064599990845, 29
5767, 23, 0.4827151298522949, 23
5769, 20, 0.9984081387519836, 20
5771, 25, 0.9734277725219727, 25
5773, 1, 0.9783478379249573, 1
5777, 8, 0.9832255244255066, 8
5778, 17, 0.7032115459442139, 17
5781, 5, 0.3092229962348938, 5
5783, 16, 0.7851552963256836, 16
5788, 20, 0.9999632835388184, 20
5791, 29, 0.47884172201156616, 29
5794, 17, 0.8680909872055054, 17
5798, 28, 0.9840079545974731, 28
580, 24, 0.5667838454246521, 24
5800, 14, 0.9998437166213989, 14
5801, 18, 0.30851566791534424, 18
5803, 23, 0.9549626708030701, 23
5804, 2, 0.5162151455879211, 2
5808, 6, 0.8649535179138184, 6
5809, 14, 0.29636451601982117, 14
5811, 11, 0.5417555570602417, 11
5813, 29, 0.9989591836929321, 29
5814, 22, 0.8673486709594727, 22
5816, 12, 0.9870614409446716, 12
5818, 12, 0.533627450466156, 12
582, 27, 0.2074056714773178, 27
5823, 6, 0.8060239553451538, 6
5824, 2, 0.4112088680267334, 2
5826, 20, 0.7725681066513062, 20
5828, 26, 0.7248325347900391, 26
5829, 4, 0.7965517640113831, 4
583, 12, 0.6916822791099548, 12
5830, 29, 0.4162098467350006, 29
5831, 19, 0.9998078942298889, 19
5833, 6, 0.46227526664733887, 6
5841, 23, 0.8839992880821228, 23
5844, 1, 0.6097071170806885, 1
5845, 2, 0.9675132632255554, 2
5846, 27, 0.9466693997383118, 27
5848, 5, 0.8647693991661072, 5
585, 5, 0.689776599407196, 5
5850, 17, 0.8684747219085693, 17
5851, 10, 0.33917951583862305, 10
5854, 11, 0.6409057974815369, 11
5855, 11, 0.8121405839920044, 11
5857, 13, 0.9999983310699463, 13
5859, 22, 0.9859326481819153, 22
5861, 8, 0.5615541934967041, 8
5863, 22, 0.42406603693962097, 22
5866, 13, 0.7012781500816345, 13
5868, 26, 0.9723513126373291, 26
5869, 11, 0.4240512549877167, 11
5870, 22, 0.9855189323425293, 22
5871, 12, 0.9063161015510559, 12
5872, 16, 0.4713820815086365, 16
5875, 29, 0.15144315361976624, 29
5877, 7, 0.8428950905799866, 7
5879, 29, 0.7569767832756042, 29
5881, 22, 0.6913831233978271, 22
5885, 12, 0.9387065172195435, 12
5886, 27, 0.25734037160873413, 27
5890, 29, 0.9410553574562073, 29
5891, 22, 0.3549792766571045, 22
5892, 2, 0.378690630197525, 2
5893, 29, 0.9925398230552673, 29
5897, 5, 0.7828747034072876, 5
5898, 14, 0.7999309301376343, 14
5899, 24, 0.8441013097763062, 24
590, 25, 0.43629494309425354, 25
5903, 28, 0.38642260432243347, 28
5904, 14, 0.8371220231056213, 14
591, 25, 0.9567550420761108, 25
5911, 29, 0.7485355138778687, 29
5912, 22, 0.687809944152832, 22
5914, 12, 0.5039474964141846, 12
5915, 19, 0.9606439471244812, 19
5916, 25, 0.564177930355072, 25
5917, 10, 0.4011872410774231, 10
5923, 14, 0.2773217260837555, 14
5925, 16, 0.40602821111679077, 16
5928, 23, 0.9126315712928772, 23
593, 3, 0.7029321789741516, 3
5931, 13, 0.9997453093528748, 13
5932, 26, 0.7227329015731812, 26
5933, 11, 0.617786169052124, 11
5935, 13, 0.9912546873092651, 13
5936, 6, 0.4094330966472626, 6
5937, 1, 0.4351191818714142, 1
5939, 2, 0.6104186177253723, 2
594, 20, 0.7837229371070862, 20
5940, 26, 0.5264159440994263, 26
5942, 22, 0.974622368812561, 22
5944, 18, 0.8213406801223755, 18
5946, 24, 0.5642716884613037, 24
5947, 2, 0.9457806348800659, 2
5950, 15, 0.9823091626167297, 15
5952, 7, 0.8631099462509155, 7
5953, 17, 0.9979123473167419, 17
5954, 25, 0.7802762389183044, 25
5956, 16, 0.9424152970314026, 16
5959, 27, 0.9911562204360962, 27
5961, 23, 0.2407759428024292, 23
5964, 12, 0.829784631729126, 12
5965, 8, 0.7813614010810852, 8
5966, 12, 0.42870062589645386, 12
5967, 4, 0.9851863980293274, 4
5969, 29, 0.9969968795776367, 29
5974, 3, 0.9933837056159973, 3
5977, 24, 0.3311680555343628, 24
598, 9, 0.9178577661514282, 9
5980, 29, 0.9932502508163452, 29
5985, 11, 0.9259747266769409, 11
5986, 26, 0.4450443387031555, 26
5988, 13, 0.9861602187156677, 13
599, 11, 0.9428682327270508, 11
5991, 17, 0.9825438857078552, 17
5992, 24, 0.9878193140029907, 24
5993, 9, 0.8740586042404175, 9
5994, 6, 0.4970574975013733, 6
5995, 19, 0.9997294545173645, 19
5997, 27, 0.622151255607605, 27
5998, 21, 0.9660020470619202, 21
6, 26, 0.7661027908325195, 26
6000, 6, 0.9293352365493774, 6
605, 22, 0.7637768983840942, 22
609, 25, 0.6008039712905884, 25
612, 8, 0.8670111894607544, 8
613, 5, 0.9105527400970459, 5
614, 24, 0.9999961853027344, 24
616, 27, 0.7030748128890991, 27
617, 5, 0.21108175814151764, 5
618, 11, 0.9235491752624512, 11
622, 19, 0.42047107219696045, 19
623, 26, 0.9999821186065674, 26
625, 6, 0.7564222812652588, 6
626, 29, 0.6794975399971008, 29
627, 19, 0.7947139143943787, 19
629, 5, 0.5391174554824829, 5
63, 24, 0.40712109208106995, 24
630, 19, 0.6439244747161865, 19
631, 2, 0.9997867941856384, 2
634, 7, 0.8746646046638489, 7
636, 29, 0.9980594515800476, 29
637, 29, 0.9410578012466431, 29
64, 28, 0.8123152852058411, 28
640, 17, 0.9434672594070435, 17
641, 1, 0.989303469657898, 1
645, 17, 0.8099399209022522, 17
647, 7, 0.4985771179199219, 7
650, 27, 0.9995848536491394, 27
654, 25, 0.982675313949585, 25
656, 29, 0.958349347114563, 29
658, 17, 0.9829511046409607, 17
659, 2, 0.5196998119354248, 2
660, 20, 0.9985290765762329, 20
661, 11, 0.8834224939346313, 11
662, 6, 0.5830692648887634, 6
663, 22, 0.8478704690933228, 22
665, 27, 0.889960765838623, 27
667, 8, 0.5814424157142639, 8
668, 2, 0.992424488067627, 2
669, 14, 0.7732852697372437, 14
67, 7, 0.9580848813056946, 7
670, 23, 0.9704093933105469, 23
673, 29, 0.7465164661407471, 29
675, 12, 0.5649944543838501, 12
678, 14, 0.8714497089385986, 14
68, 11, 0.9818419218063354, 11
680, 5, 0.5064173936843872, 5
683, 5, 0.3570265769958496, 5
684, 22, 0.895182728767395, 22
685, 16, 0.7885211110115051, 16
687, 26, 0.6611389517784119, 26
691, 18, 0.9122104644775391, 18
693, 9, 0.9575943350791931, 9
697, 3, 0.2735065817832947, 3
7, 20, 0.5930824279785156, 20
70, 14, 0.31238463521003723, 14
701, 27, 0.7143664360046387, 27
702, 11, 0.9363313913345337, 11
705, 20, 0.7215460538864136, 20
71, 1, 0.31979745626449585, 1
710, 13, 0.9999047517776489, 13
711, 25, 0.5339579582214355, 25
712, 10, 0.9538463950157166, 10
713, 25, 0.9031104445457458, 25
714, 2, 0.997312605381012, 2
715, 22, 0.38302546739578247, 22
718, 12, 0.9966856837272644, 12
719, 27, 0.6240590214729309, 27
72, 19, 0.9920654892921448, 19
720, 18, 0.5161755681037903, 18
722, 29, 0.9837524890899658, 29
725, 15, 0.9971731901168823, 15
727, 4, 0.49925094842910767, 4
729, 20, 0.47354814410209656, 20
73, 5, 0.543131947517395, 5
733, 23, 0.6145745515823364, 23
734, 13, 0.9806029200553894, 13
735, 22, 0.9809015393257141, 22
737, 19, 0.9809567928314209, 19
738, 20, 0.8082144260406494, 20
740, 27, 0.562765896320343, 27
741, 8, 0.9209365844726562, 8
746, 29, 0.9898253083229065, 29
747, 1, 0.2676565647125244, 1
748, 29, 0.9958510398864746, 29
750, 5, 0.7434653043746948, 5
751, 10, 0.6025348901748657, 10
753, 14, 0.48903322219848633, 14
754, 27, 0.32320982217788696, 27
755, 13, 0.9934254884719849, 13
759, 18, 0.9162549376487732, 18
76, 13, 0.9556924700737, 13
762, 22, 0.8480063676834106, 22
764, 12, 0.5842701196670532, 12
769, 9, 0.9354093670845032, 9
770, 9, 0.6025724411010742, 9
771, 20, 0.9993906021118164, 20
772, 3, 0.9731332659721375, 3
775, 24, 0.9671242833137512, 24
776, 29, 0.43801429867744446, 29
778, 14, 0.9995971322059631, 14
78, 21, 0.5746894478797913, 21
780, 5, 0.9974045157432556, 5
782, 3, 0.6585232019424438, 3
783, 29, 0.9815329909324646, 29
785, 3, 0.8019067645072937, 3
786, 2, 0.48255860805511475, 2
787, 12, 0.6078410148620605, 12
790, 26, 0.999977707862854, 26
793, 5, 0.9953832030296326, 5
794, 14, 0.9998636245727539, 14
796, 21, 0.7588770985603333, 21
797, 14, 0.9931592345237732, 14
8, 6, 0.2818969488143921, 6
802, 19, 0.9836448431015015, 19
804, 4, 0.9999517202377319, 4
806, 11, 0.996364176273346, 11
807, 14, 0.8632444143295288, 14
808, 7, 0.9855830669403076, 7
811, 14, 0.8351535797119141, 14
812, 29, 0.7718675136566162, 29
814, 7, 0.9918245673179626, 7
819, 29, 0.8345680236816406, 29
82, 21, 0.602117657661438, 21
820, 5, 0.5891866683959961, 5
821, 17, 0.9948063492774963, 17
825, 13, 0.9999995231628418, 13
827, 19, 0.4957539439201355, 19
828, 23, 0.40976783633232117, 23
829, 9, 0.7624791264533997, 9
831, 8, 0.6793318390846252, 8
832, 27, 0.9997935891151428, 27
834, 22, 0.9997276663780212, 22
837, 29, 0.9725062847137451, 29
839, 29, 0.9805276393890381, 29
840, 24, 0.626335084438324, 24
842, 28, 0.5551485419273376, 28
843, 9, 0.9988573789596558, 9
844, 20, 0.8309904336929321, 20
845, 27, 0.30413341522216797, 27
847, 12, 0.9693310260772705, 12
850, 24, 0.96565842628479, 24
851, 1, 0.36646196246147156, 1
853, 1, 0.5779029726982117, 1
854, 11, 0.4126811623573303, 11
857, 15, 0.45760104060173035, 15
86, 29, 0.9820410013198853, 29
860, 26, 0.6343344449996948, 26
861, 14, 0.9710753560066223, 14
864, 3, 0.9428401589393616, 3
865, 4, 0.8196933269500732, 4
866, 20, 0.8570352792739868, 20
869, 11, 0.9865962862968445, 11
87, 19, 0.99293452501297, 19
871, 2, 0.6316706538200378, 2
873, 5, 0.963237464427948, 5
878, 9, 0.9931572079658508, 9
879, 25, 0.48961642384529114, 25
88, 17, 0.9942299127578735, 17
880, 27, 0.3864799737930298, 27
881, 29, 0.9318744540214539, 29
883, 12, 0.49571171402931213, 12
884, 5, 0.9984859824180603, 5
886, 22, 0.9931080341339111, 22
890, 13, 0.9958124756813049, 13
892, 20, 0.9806374311447144, 20
893, 6, 0.7620858550071716, 6
896, 1, 0.9236122965812683, 1
898, 6, 0.8367944359779358, 6
90, 8, 0.9753825664520264, 8
900, 1, 0.39996838569641113, 1
901, 7, 0.4398021697998047, 7
902, 14, 0.37250858545303345, 14
904, 25, 0.9284901022911072, 25
905, 8, 0.5380667448043823, 8
906, 19, 0.9878559708595276, 19
907, 23, 0.6726768016815186, 23
908, 19, 0.9932830333709717, 19
91, 29, 0.60893714427948, 29
910, 17, 0.6116910576820374, 17
911, 22, 0.474252313375473, 22
916, 14, 0.656338632106781, 14
917, 1, 0.5309065580368042, 1
918, 26, 0.37497779726982117, 26
919, 11, 0.982886016368866, 11
922, 16, 0.9547938704490662, 16
924, 12, 0.3069109320640564, 12
926, 12, 0.9189682602882385, 12
930, 10, 0.6451987028121948, 10
931, 13, 0.999679446220398, 13
932, 29, 0.9608547687530518, 29
933, 29, 0.9600149989128113, 29
936, 26, 0.9731961488723755, 26
937, 27, 0.9950485825538635, 27
938, 3, 0.9972313046455383, 3
939, 6, 0.39247921109199524, 6
940, 9, 0.9994285702705383, 9
943, 8, 0.665854275226593, 8
947, 19, 0.9409663677215576, 19
948, 11, 0.4697454869747162, 11
949, 14, 0.9950056672096252, 14
95, 24, 0.8951771259307861, 24
950, 7, 0.41651174426078796, 7
954, 10, 0.9980819225311279, 10
955, 1, 0.7016963362693787, 1
958, 29, 0.9694349765777588, 29
959, 17, 0.9244061708450317, 17
960, 24, 0.8045957088470459, 24
962, 19, 0.9045181274414062, 19
964, 14, 0.8598133325576782, 14
966, 25, 0.553058385848999, 25
969, 11, 0.9823118448257446, 11
97, 20, 0.49364057183265686, 20
973, 28, 0.9667131304740906, 28
974, 6, 0.8709683418273926, 6
975, 21, 0.4821162521839142, 21
