10, 27, 0.9995902180671692, 27
100, 10, 0.9526504278182983, 10
1000, 25, 0.5887167453765869, 25
1001, 26, 0.22515207529067993, 26
1004, 19, 0.9879846572875977, 19
1005, 21, 0.9984797835350037, 21
1006, 2, 0.9997939467430115, 2
1007, 14, 0.46303409337997437, 14
1009, 16, 0.49695876240730286, 16
1012, 9, 0.9986750483512878, 9
1013, 19, 0.9595463871955872, 19
1014, 27, 0.999981164932251, 27
1017, 16, 0.9987932443618774, 16
1019, 26, 0.6857926845550537, 26
1020, 13, 0.9177141189575195, 13
1021, 29, 0.8493862152099609, 29
1024, 11, 0.9585351347923279, 11
1025, 21, 0.49247312545776367, 21
1027, 24, 0.9484505653381348, 24
1029, 22, 0.25717872381210327, 22
103, 14, 0.43838831782341003, 14
1030, 14, 0.9722303748130798, 14
1033, 4, 0.6535044312477112, 4
1034, 29, 0.9926483035087585, 29
1035, 5, 0.995643138885498, 5
1037, 29, 0.6617673635482788, 29
1039, 3, 0.9982296824455261, 3
104, 25, 0.8002371788024902, 25
1044, 27, 0.8939619064331055, 27
1046, 14, 0.5127979516983032, 14
1048, 25, 0.7312412858009338, 25
1049, 29, 0.6742003560066223, 29
1050, 7, 0.5083285570144653, 7
1056, 20, 0.9821221828460693, 20
1058, 4, 0.44661206007003784, 4
1059, 24, 0.8981951475143433, 24
106, 10, 0.9917157292366028, 10
1060, 13, 0.2895509898662567, 13
1062, 1, 0.23657909035682678, 1
1063, 8, 0.5941241979598999, 8
1064, 4, 0.5658887624740601, 4
1070, 27, 0.9999904632568359, 27
1073, 27, 0.5691630840301514, 27
1074, 26, 0.836479902267456, 26
1075, 10, 0.6708191633224487, 10
1077, 21, 0.40973761677742004, 21
1078, 5, 0.6432008147239685, 5
1079, 23, 0.5426769256591797, 23
1080, 11, 0.9805177450180054, 11
1084, 5, 0.4045369625091553, 5
1085, 6, 0.4251725971698761, 6
1086, 14, 0.8373310565948486, 14
1087, 4, 0.8064240217208862, 4
1088, 20, 0.6621077656745911, 20
1091, 11, 0.4922686815261841, 11
1092, 25, 0.8438780903816223, 25
1093, 17, 0.22024935483932495, 17
1095, 18, 0.2654070556163788, 18
1096, 1, 0.9945567846298218, 1
1097, 13, 0.968007504940033, 13
1100, 11, 0.7567574977874756, 11
1102, 3, 0.4846326410770416, 3
1104, 14, 0.7143055200576782, 14
1105, 17, 0.41343918442726135, 17
1106, 2, 0.9789749383926392, 2
1112, 26, 0.3086906373500824, 26
1113, 7, 0.40427878499031067, 7
1115, 23, 0.8147057294845581, 23
1116, 29, 0.990575909614563, 29
1119, 29, 0.9938196539878845, 29
1121, 16, 0.6254480481147766, 16
1122, 19, 0.5256263017654419, 19
1128, 22, 0.9602490663528442, 22
1129, 10, 0.7434067130088806, 10
113, 25, 0.5570203065872192, 25
1131, 19, 0.46266037225723267, 19
1136, 25, 0.8971090912818909, 25
1138, 29, 0.878511369228363, 29
1139, 22, 0.22474412620067596, 22
114, 19, 0.8879639506340027, 19
1141, 25, 0.6852433681488037, 25
1142, 12, 0.4991433322429657, 12
1145, 25, 0.90911865234375, 25
1146, 21, 0.6091287136077881, 21
1147, 29, 0.39255595207214355, 29
1151, 2, 0.5512767434120178, 2
1152, 20, 0.7460459470748901, 20
1154, 2, 0.5860217809677124, 2
1158, 6, 0.830610454082489, 6
1159, 22, 0.8716616034507751, 22
1163, 27, 0.5108814239501953, 27
1166, 24, 0.9989798665046692, 24
1168, 19, 0.48984938859939575, 19
1169, 14, 0.9633165597915649, 14
117, 15, 0.965356707572937, 15
1173, 10, 0.6915321946144104, 10
1178, 1, 0.8209814429283142, 1
118, 25, 0.5120740532875061, 25
1180, 20, 0.4139769971370697, 20
1183, 27, 0.6211419105529785, 27
1185, 2, 0.9983364939689636, 2
1186, 25, 0.31446120142936707, 25
1187, 5, 0.6974254846572876, 5
1189, 8, 0.3500235676765442, 8
119, 26, 0.9897879362106323, 26
1190, 26, 0.6023749709129333, 26
1191, 28, 0.4078950583934784, 28
1194, 3, 0.34566161036491394, 3
1196, 8, 0.7560139894485474, 8
1197, 29, 0.9999511241912842, 29
1199, 7, 0.8556419014930725, 7
12, 9, 0.9329853057861328, 9
1201, 29, 0.5490089654922485, 29
1202, 13, 0.9981099367141724, 13
1204, 5, 0.5305672287940979, 5
1209, 7, 0.2949643135070801, 7
121, 11, 0.22993943095207214, 11
1210, 12, 0.6135280728340149, 12
1213, 5, 0.647022545337677, 5
1214, 29, 0.7935414910316467, 29
1217, 9, 0.357928603887558, 9
1220, 17, 0.8914657235145569, 17
1221, 2, 0.7811941504478455, 2
1222, 29, 0.9513139128684998, 29
1225, 29, 0.5259765982627869, 29
1226, 16, 0.9924544095993042, 16
1229, 28, 0.9164711236953735, 28
123, 5, 0.4802601635456085, 5
1230, 20, 0.28171953558921814, 20
1231, 23, 0.8918012380599976, 23
1232, 20, 0.6063409447669983, 20
1236, 11, 0.984463095664978, 11
1238, 27, 0.9999816417694092, 27
124, 6, 0.9524720311164856, 6
1240, 8, 0.21777288615703583, 8
1241, 12, 0.7736324667930603, 12
1244, 9, 0.9390645027160645, 9
1245, 21, 0.9378823041915894, 21
1248, 24, 0.6856797337532043, 24
1249, 8, 0.7618854641914368, 8
1250, 25, 0.8246853947639465, 25
1251, 29, 0.7959137558937073, 29
1253, 19, 0.7841604948043823, 19
1254, 14, 0.47836387157440186, 14
1256, 13, 0.9999109506607056, 13
1257, 22, 0.4521918296813965, 22
1259, 16, 0.9451811909675598, 16
126, 14, 0.9975559711456299, 14
1261, 8, 0.608656108379364, 8
1262, 25, 0.9067019820213318, 25
1267, 11, 0.5715399384498596, 11
1268, 22, 0.7389068007469177, 22
127, 18, 0.6930699944496155, 18
1270, 19, 0.9996418952941895, 19
1271, 11, 0.6632338166236877, 11
1274, 21, 0.5461940169334412, 21
1275, 26, 0.9666144847869873, 26
1277, 1, 0.5233644843101501, 1
128, 17, 0.49640533328056335, 17
1284, 5, 0.47873592376708984, 5
1285, 29, 0.6619886755943298, 29
1287, 24, 0.8203281760215759, 24
1288, 7, 0.8478481769561768, 7
129, 23, 0.8900479674339294, 23
1291, 13, 0.9993748068809509, 13
1294, 29, 0.9999113082885742, 29
1299, 27, 0.9935777187347412, 27
1301, 14, 0.9997819066047668, 14
1303, 29, 0.9918000102043152, 29
1309, 11, 0.9991768002510071, 11
131, 5, 0.4326132833957672, 5
1310, 9, 0.48176416754722595, 9
1313, 13, 0.9998440742492676, 13
1314, 9, 0.999966025352478, 9
1316, 25, 0.9457283020019531, 25
1317, 11, 0.8665159344673157, 11
1319, 15, 0.33609870076179504, 15
132, 20, 0.3770875334739685, 20
1320, 19, 0.9966917037963867, 19
1321, 27, 0.6922430992126465, 27
1327, 11, 0.9921516180038452, 11
133, 27, 0.41088593006134033, 27
1331, 19, 0.9941895008087158, 19
1337, 5, 0.7390086650848389, 5
1339, 14, 0.7732993364334106, 14
1340, 14, 0.930079996585846, 14
1342, 4, 0.8234342336654663, 4
1343, 11, 0.9809122085571289, 11
1344, 20, 0.8334555625915527, 20
1349, 22, 0.9773755073547363, 22
1350, 14, 0.9376407861709595, 14
1351, 8, 0.6317886114120483, 8
1355, 1, 0.960466742515564, 1
1356, 21, 0.2834814786911011, 21
1358, 6, 0.32049354910850525, 6
1363, 24, 0.37876439094543457, 24
1366, 19, 0.6954235434532166, 19
1367, 25, 0.48318901658058167, 25
1369, 3, 0.3435915410518646, 3
137, 23, 0.9588456749916077, 23
1371, 19, 0.977375328540802, 19
1372, 6, 0.16120602190494537, 6
1373, 11, 0.6326735615730286, 11
1375, 16, 0.8514847159385681, 16
1378, 6, 0.8362204432487488, 6
1379, 19, 0.3670903742313385, 19
1380, 16, 0.6880354881286621, 16
1381, 25, 0.6213792562484741, 25
1382, 18, 0.8625779747962952, 18
1384, 14, 0.9999145269393921, 14
1386, 4, 0.7346178889274597, 4
1388, 5, 0.5174835324287415, 5
1389, 4, 0.99985671043396, 4
1391, 25, 0.7511193752288818, 25
1392, 23, 0.9474673867225647, 23
1393, 24, 0.9679555892944336, 24
1396, 13, 0.9811148047447205, 13
1397, 26, 0.9626300930976868, 26
1398, 4, 0.5091286301612854, 4
14, 11, 0.53319251537323, 11
1400, 28, 0.3816504180431366, 28
1401, 14, 0.9996293783187866, 14
1403, 17, 0.5825957655906677, 17
1404, 29, 0.9966841340065002, 29
1407, 1, 0.6163140535354614, 1
1408, 13, 0.9998667240142822, 13
141, 20, 0.9998027682304382, 20
1411, 8, 0.5141578912734985, 8
1416, 11, 0.6868441104888916, 11
1417, 17, 0.9946905970573425, 17
142, 24, 0.9885305762290955, 24
1420, 7, 0.7148622274398804, 7
1422, 20, 0.903122067451477, 20
1423, 22, 0.9991519451141357, 22
1424, 11, 0.8487905263900757, 11
1425, 27, 0.8387875556945801, 27
1428, 14, 0.9999412298202515, 14
143, 7, 0.8789926767349243, 7
1432, 11, 0.23266775906085968, 11
1434, 5, 0.9947637319564819, 5
1435, 29, 0.9997722506523132, 29
1436, 29, 0.4658978283405304, 29
1439, 22, 0.4591190814971924, 22
1443, 12, 0.793172299861908, 12
1444, 9, 0.9997820258140564, 9
1445, 15, 0.9999208450317383, 15
1449, 6, 0.5267763137817383, 6
145, 13, 0.9480078816413879, 13
1451, 12, 0.8939533829689026, 12
1453, 23, 0.29171445965766907, 23
1454, 5, 0.757961094379425, 5
1455, 14, 0.8407902717590332, 14
1457, 5, 0.8351498246192932, 5
1459, 19, 0.9477565884590149, 19
1461, 7, 0.8959876298904419, 7
1462, 29, 0.9410635232925415, 29
1465, 11, 0.5324915051460266, 11
1466, 1, 0.20805956423282623, 1
1467, 17, 0.9873193502426147, 17
1469, 19, 0.40177392959594727, 19
147, 25, 0.9227613806724548, 25
1472, 26, 0.805738627910614, 26
1475, 26, 0.408684104681015, 26
1476, 20, 0.750956118106842, 20
1477, 29, 0.9936137795448303, 29
1480, 4, 0.9064692854881287, 4
1481, 23, 0.7961381673812866, 23
1482, 23, 0.7409457564353943, 23
1484, 5, 0.9831050038337708, 5
1485, 18, 0.9902331829071045, 18
1488, 3, 0.753022313117981, 3
1490, 14, 0.9999470710754395, 14
1491, 17, 0.8252083659172058, 17
1492, 10, 0.6010043025016785, 10
1493, 16, 0.46657630801200867, 16
1495, 21, 0.6406521797180176, 21
1499, 22, 0.341678261756897, 22
1501, 1, 0.6434938907623291, 1
1503, 27, 0.6364938616752625, 27
1504, 29, 0.8761916756629944, 29
1506, 19, 0.8489719033241272, 19
151, 17, 0.6625149846076965, 17
1511, 19, 0.9018837809562683, 19
1512, 29, 0.9911990761756897, 29
1514, 11, 0.998258650302887, 11
1515, 23, 0.9243088960647583, 23
1516, 3, 0.8948553800582886, 3
1521, 13, 0.999909520149231, 13
1526, 25, 0.5317789912223816, 25
1527, 18, 0.4309183359146118, 18
1528, 6, 0.739888072013855, 6
1529, 9, 0.8303858637809753, 9
1531, 14, 0.5689067244529724, 14
1533, 6, 0.44180458784103394, 6
1535, 22, 0.26511871814727783, 22
1536, 26, 0.2811005711555481, 26
1537, 17, 0.40442416071891785, 17
1538, 5, 0.4477023184299469, 5
1539, 23, 0.938485324382782, 23
1542, 16, 0.5804439783096313, 16
1543, 24, 0.6381874680519104, 24
1544, 13, 0.30365365743637085, 13
1546, 19, 0.6829840540885925, 19
1548, 15, 0.9196833968162537, 15
1550, 20, 0.6666526198387146, 20
1558, 24, 0.9968476891517639, 24
156, 13, 0.9999688863754272, 13
1560, 2, 0.8544036746025085, 2
1561, 27, 0.9999998807907104, 27
1562, 26, 0.8641904592514038, 26
1563, 23, 0.9987188577651978, 23
1564, 7, 0.8361813426017761, 7
1569, 28, 0.21056847274303436, 28
157, 19, 0.9575848579406738, 19
1571, 1, 0.6809567213058472, 1
1572, 19, 0.9234727025032043, 19
1573, 8, 0.6512589454650879, 8
1574, 14, 0.7656292915344238, 14
1575, 25, 0.5682749152183533, 25
1579, 25, 0.7305242419242859, 25
158, 17, 0.35614830255508423, 17
1580, 11, 0.8408096432685852, 11
1582, 25, 0.7960333228111267, 25
1583, 20, 0.7102505564689636, 20
1585, 7, 0.3176904618740082, 7
1586, 16, 0.9915494918823242, 16
159, 26, 0.7646830081939697, 26
1590, 16, 0.8381543159484863, 16
1591, 26, 0.9578570127487183, 26
1592, 25, 0.5392646789550781, 25
1593, 2, 0.839241623878479, 2
1594, 22, 0.9266290664672852, 22
1596, 27, 0.3386213779449463, 27
1598, 11, 0.47840866446495056, 11
16, 13, 0.9989913105964661, 13
160, 29, 0.9928905963897705, 29
1600, 14, 0.9970384836196899, 14
1601, 16, 0.9148871898651123, 16
1602, 2, 0.9098436236381531, 2
1603, 15, 0.46410173177719116, 15
1604, 27, 0.9999997615814209, 27
1606, 17, 0.6964448094367981, 17
1609, 29, 0.8194848895072937, 29
161, 9, 0.729657769203186, 9
1610, 23, 0.3888701796531677, 23
1611, 29, 0.702023983001709, 29
1612, 2, 0.9445745348930359, 2
1613, 10, 0.5545225739479065, 10
1614, 26, 0.8282048106193542, 26
1615, 18, 0.6075419783592224, 18
1619, 14, 0.9999918937683105, 14
162, 2, 0.6501981616020203, 2
1620, 25, 0.4055041968822479, 25
1621, 19, 0.9994485974311829, 19
1622, 3, 0.8591932058334351, 3
1623, 23, 0.4021468162536621, 23
1626, 3, 0.8002544641494751, 3
1627, 25, 0.9709738492965698, 25
1628, 29, 0.4954374432563782, 29
163, 17, 0.9899959564208984, 17
1633, 7, 0.48746854066848755, 7
1634, 21, 0.9271800518035889, 21
1635, 24, 0.3681759536266327, 24
1638, 8, 0.17711351811885834, 8
1639, 27, 0.9998899698257446, 27
164, 13, 0.9999991655349731, 13
1641, 2, 0.9999444484710693, 2
1642, 26, 0.2787395119667053, 26
1643, 7, 0.519379198551178, 7
1644, 19, 0.9608228206634521, 19
1645, 17, 0.5639548301696777, 17
1647, 16, 0.9913559556007385, 16
165, 19, 0.8150522112846375, 19
1657, 14, 0.802141547203064, 14
1659, 19, 0.9983760118484497, 19
1660, 11, 0.45681309700012207, 11
1661, 26, 0.9970523118972778, 26
1662, 14, 0.5877482295036316, 14
1664, 6, 0.4767953157424927, 6
1665, 17, 0.9832026362419128, 17
1666, 16, 0.9558462500572205, 16
1667, 9, 0.9528217911720276, 9
1668, 5, 0.8186757564544678, 5
1669, 11, 0.9335633516311646, 11
167, 7, 0.48721155524253845, 7
1672, 14, 0.37298423051834106, 14
1675, 5, 0.6665061116218567, 5
1677, 11, 0.9906461238861084, 11
1678, 11, 0.9989933371543884, 11
1679, 25, 0.3664410710334778, 25
168, 3, 0.45550769567489624, 3
1681, 25, 0.7454686760902405, 25
1685, 29, 0.39946669340133667, 29
1687, 26, 0.7962542176246643, 26
1688, 29, 0.9999641180038452, 29
1689, 24, 0.9933090209960938, 24
1691, 2, 0.4226154088973999, 2
1694, 3, 0.6098813414573669, 3
1696, 24, 0.38828417658805847, 24
1698, 19, 0.968696117401123, 19
1699, 22, 0.35849252343177795, 22
170, 27, 0.9999971389770508, 27
1700, 1, 0.6460539698600769, 1
1701, 25, 0.6033766269683838, 25
1702, 23, 0.9522759318351746, 23
1703, 23, 0.9697356224060059, 23
1704, 22, 0.7613016963005066, 22
1705, 22, 0.7600888609886169, 22
1706, 19, 0.9380046129226685, 19
1707, 16, 0.9042186141014099, 16
1708, 21, 0.8498532176017761, 21
1712, 5, 0.9647685885429382, 5
1716, 8, 0.4189566969871521, 8
1718, 12, 0.9539992809295654, 12
1719, 5, 0.9627633094787598, 5
1720, 21, 0.9966501593589783, 21
1721, 16, 0.9852741360664368, 16
1722, 8, 0.8968703746795654, 8
1724, 13, 0.5173901915550232, 13
1725, 13, 0.8473023772239685, 13
1726, 25, 0.8191723227500916, 25
173, 7, 0.4118935167789459, 7
1731, 29, 0.6362444162368774, 29
1733, 14, 0.9975916147232056, 14
1735, 17, 0.8892844915390015, 17
1738, 10, 0.6047429442405701, 10
1740, 14, 0.5210171341896057, 14
1743, 6, 0.7631664276123047, 6
1744, 7, 0.7926623821258545, 7
1745, 19, 0.9991260170936584, 19
1753, 12, 0.4834100604057312, 12
1754, 11, 0.914172351360321, 11
1759, 11, 0.8712507486343384, 11
176, 25, 0.7253352999687195, 25
1761, 15, 0.4386388659477234, 15
1763, 26, 0.9996675252914429, 26
1765, 3, 0.30759042501449585, 3
1766, 27, 0.9999961853027344, 27
1767, 17, 0.845295250415802, 17
1768, 2, 0.635073721408844, 2
1771, 15, 0.5624938011169434, 15
1774, 19, 0.55153888463974, 19
1777, 25, 0.9062272906303406, 25
1778, 12, 0.7283278703689575, 12
1781, 7, 0.7434381246566772, 7
1782, 27, 0.9999998807907104, 27
1783, 7, 0.5062234401702881, 7
1784, 2, 0.5975857973098755, 2
1785, 19, 0.5048425197601318, 19
1786, 23, 0.8259133696556091, 23
1787, 2, 0.45897290110588074, 2
1789, 11, 0.9036214351654053, 11
1790, 12, 0.8186251521110535, 12
1791, 19, 0.30907386541366577, 19
1793, 10, 0.7477983832359314, 10
1796, 26, 0.9404884576797485, 26
1799, 13, 0.9998412132263184, 13
18, 26, 0.8995704650878906, 26
180, 14, 0.5588520169258118, 14
1800, 3, 0.41920167207717896, 3
1801, 19, 0.6871532201766968, 19
1802, 6, 0.5621591806411743, 6
1804, 26, 0.9609622955322266, 26
1807, 22, 0.5787490606307983, 22
1809, 16, 0.5228174328804016, 16
1810, 7, 0.8481971621513367, 7
1813, 17, 0.7963488101959229, 17
1815, 25, 0.8988779783248901, 25
1817, 14, 0.5320814251899719, 14
182, 11, 0.9999099969863892, 11
1820, 16, 0.7533236145973206, 16
1824, 22, 0.9994204044342041, 22
1825, 2, 0.5567046403884888, 2
1826, 21, 0.4974409341812134, 21
1828, 19, 0.8813076615333557, 19
183, 4, 0.8176225423812866, 4
1832, 10, 0.5200384855270386, 10
1833, 9, 0.9708417654037476, 9
1834, 26, 0.47792917490005493, 26
1835, 29, 0.8724823594093323, 29
1837, 17, 0.6955201029777527, 17
1838, 12, 0.8989837765693665, 12
1839, 6, 0.814985454082489, 6
1842, 13, 0.7833839058876038, 13
1843, 25, 0.9904540777206421, 25
1845, 12, 0.380044549703598, 12
1846, 27, 0.999964714050293, 27
1847, 21, 0.6336110234260559, 21
1848, 14, 0.9995006322860718, 14
1849, 2, 0.9486759305000305, 2
185, 19, 0.6677046418190002, 19
1852, 3, 0.6521371006965637, 3
1854, 26, 0.7117276191711426, 26
1855, 13, 0.9999966621398926, 13
1856, 19, 0.32902994751930237, 19
186, 25, 0.8082940578460693, 25
1862, 29, 0.9997709393501282, 29
1863, 14, 0.8353177309036255, 14
1864, 5, 0.9343717098236084, 5
1868, 7, 0.5141326189041138, 7
1869, 20, 0.9915643930435181, 20
1870, 26, 0.8592284917831421, 26
1876, 8, 0.3448607325553894, 8
1879, 9, 0.48342862725257874, 9
1881, 16, 0.5797565579414368, 16
1883, 11, 0.9559286236763, 11
1888, 1, 0.8910576105117798, 1
1889, 19, 0.9422442317008972, 19
1891, 22, 0.999955415725708, 22
1892, 18, 0.6593610644340515, 18
1898, 20, 0.3583308756351471, 20
1899, 2, 0.6509255170822144, 2
19, 29, 0.8709656596183777, 29
190, 14, 0.2666997015476227, 14
1900, 27, 0.9999996423721313, 27
1901, 29, 0.9982165694236755, 29
1902, 5, 0.5616759657859802, 5
1903, 9, 0.9933053851127625, 9
1904, 20, 0.9917725920677185, 20
1908, 19, 0.7799758911132812, 19
1909, 19, 0.9990878105163574, 19
1914, 2, 0.8578392267227173, 2
192, 7, 0.8524031639099121, 7
1921, 2, 0.3759491443634033, 2
1923, 19, 0.6489077210426331, 19
1924, 25, 0.8245528340339661, 25
1926, 28, 0.33071357011795044, 28
1927, 14, 0.586124837398529, 14
1928, 29, 0.8752573132514954, 29
1929, 27, 0.6409873366355896, 27
1931, 11, 0.3965407609939575, 11
1932, 12, 0.6524972319602966, 12
1936, 14, 0.43964818120002747, 14
1937, 25, 0.9549790024757385, 25
1939, 10, 0.45336878299713135, 10
194, 19, 0.6823330521583557, 19
1940, 14, 0.9970038533210754, 14
1941, 13, 0.9999023675918579, 13
1944, 9, 0.7174388766288757, 9
1945, 2, 0.9802943468093872, 2
1948, 25, 0.7765942215919495, 25
1950, 20, 0.4954691529273987, 20
1954, 10, 0.43942785263061523, 10
1955, 11, 0.5509635806083679, 11
1956, 29, 0.9934066534042358, 29
1960, 29, 0.9561406373977661, 29
1961, 28, 0.9344533085823059, 28
1962, 3, 0.9257664680480957, 3
1966, 6, 0.8269485831260681, 6
1968, 25, 0.5160049796104431, 25
1969, 13, 0.9721311330795288, 13
1972, 20, 0.4863344132900238, 20
1973, 11, 0.8829385042190552, 11
1976, 18, 0.978101909160614, 18
1978, 5, 0.44511839747428894, 5
1979, 5, 0.9757517576217651, 5
1981, 29, 0.9993728995323181, 29
1983, 14, 0.2650870680809021, 14
1985, 19, 0.4565688967704773, 19
1987, 24, 0.7539433240890503, 24
1988, 13, 0.9999151229858398, 13
1989, 20, 0.9828861355781555, 20
199, 25, 0.3508307635784149, 25
1991, 25, 0.8984092473983765, 25
1992, 20, 0.7795524597167969, 20
1997, 11, 0.7176483273506165, 11
1998, 3, 0.5674516558647156, 3
1999, 27, 0.3604801595211029, 27
20, 19, 0.6750810146331787, 19
200, 2, 0.9825732111930847, 2
2001, 19, 0.4787517786026001, 19
2003, 20, 0.8141777515411377, 20
2004, 26, 0.9988362193107605, 26
201, 29, 0.954201877117157, 29
2011, 24, 0.7049799561500549, 24
2013, 15, 0.5056551098823547, 15
2014, 14, 0.5970059633255005, 14
2015, 1, 0.6310218572616577, 1
2019, 29, 0.5821179151535034, 29
202, 11, 0.4802318215370178, 11
2020, 16, 0.9940989017486572, 16
2021, 5, 0.9993042945861816, 5
2022, 23, 0.7476720213890076, 23
2023, 16, 0.6159386038780212, 16
2025, 19, 0.6648816466331482, 19
2027, 5, 0.295195996761322, 5
2029, 10, 0.9977787137031555, 10
2030, 22, 0.5309209227561951, 22
2031, 8, 0.45021453499794006, 8
2035, 25, 0.5533274412155151, 25
2036, 12, 0.9295342564582825, 12
2038, 2, 0.9719985723495483, 2
2039, 13, 0.6428720355033875, 13
204, 24, 0.6724023222923279, 24
2043, 28, 0.8949753046035767, 28
2045, 23, 0.9135622382164001, 23
2046, 15, 0.9802603125572205, 15
2047, 1, 0.9973142743110657, 1
2048, 19, 0.9017412662506104, 19
2049, 12, 0.5098559856414795, 12
2053, 13, 0.4594551920890808, 13
2054, 3, 0.31012147665023804, 3
2055, 19, 0.8897129893302917, 19
2057, 11, 0.8338652849197388, 11
2059, 25, 0.9963789582252502, 25
2060, 27, 0.9997197985649109, 27
2066, 11, 0.9943800568580627, 11
2068, 27, 0.9999990463256836, 27
2069, 1, 0.3958525061607361, 1
2074, 14, 0.6063235998153687, 14
2075, 21, 0.6412103772163391, 21
2076, 14, 0.9337905049324036, 14
2078, 1, 0.8471844792366028, 1
2080, 13, 0.428215354681015, 13
2081, 25, 0.7243338823318481, 25
2087, 8, 0.9816746115684509, 8
2088, 26, 0.9982208609580994, 26
2091, 12, 0.5479496121406555, 12
2092, 25, 0.9831691980361938, 25
2093, 20, 0.5941632986068726, 20
2094, 2, 0.777493417263031, 2
2095, 19, 0.7878871560096741, 19
21, 21, 0.7408095002174377, 21
2100, 3, 0.9393531680107117, 3
2104, 29, 0.9844083189964294, 29
2105, 16, 0.8289236426353455, 16
2107, 10, 0.9690111875534058, 10
2108, 3, 0.5186614990234375, 3
2111, 2, 0.6204878091812134, 2
2112, 25, 0.45287439227104187, 25
2114, 8, 0.37478071451187134, 8
2116, 14, 0.6399447917938232, 14
2117, 26, 0.49912118911743164, 26
2120, 20, 0.9179708957672119, 20
2121, 16, 0.7947797179222107, 16
2122, 29, 0.9988241791725159, 29
2126, 16, 0.9849274158477783, 16
2131, 14, 0.9997286200523376, 14
2132, 11, 0.7677441835403442, 11
2134, 20, 0.8470044732093811, 20
2135, 2, 0.936265766620636, 2
2137, 4, 0.8133842349052429, 4
2138, 16, 0.6904079914093018, 16
2139, 22, 0.9989259839057922, 22
2142, 24, 0.32815277576446533, 24
2145, 8, 0.7369667291641235, 8
2147, 20, 0.717224657535553, 20
2149, 25, 0.9941532015800476, 25
2151, 15, 0.9840306043624878, 15
2152, 2, 0.5279120206832886, 2
2154, 14, 0.48389628529548645, 14
2155, 29, 0.9998132586479187, 29
2156, 27, 0.9946995973587036, 27
2158, 22, 0.9999492168426514, 22
2160, 20, 0.9874398708343506, 20
2161, 19, 0.7668115496635437, 19
2163, 14, 0.900659441947937, 14
2165, 19, 0.9476214051246643, 19
2167, 18, 0.6191086173057556, 18
2168, 21, 0.30952057242393494, 21
2170, 25, 0.9999350309371948, 25
2172, 6, 0.9912540316581726, 6
2173, 11, 0.9990577101707458, 11
2174, 11, 0.4817614257335663, 11
2177, 16, 0.9599870443344116, 16
2179, 2, 0.8804246783256531, 2
2181, 5, 0.545478343963623, 5
2182, 13, 0.9991570711135864, 13
2183, 29, 0.9856327772140503, 29
2184, 25, 0.9098013639450073, 25
2187, 27, 0.9665574431419373, 27
2189, 13, 0.9993690848350525, 13
2190, 26, 0.5640509128570557, 26
2191, 13, 0.9999805688858032, 13
2192, 19, 0.7558680176734924, 19
2194, 11, 0.9999381303787231, 11
2195, 8, 0.18637578189373016, 8
2196, 14, 0.4237276315689087, 14
2197, 1, 0.31327638030052185, 1
2198, 26, 0.3560773730278015, 26
2199, 19, 0.9988932013511658, 19
220, 15, 0.4806298017501831, 15
2200, 27, 0.9702404737472534, 27
2201, 11, 0.998771607875824, 11
2202, 2, 0.7397067546844482, 2
2204, 14, 0.39942440390586853, 14
2206, 14, 0.8555715680122375, 14
2207, 2, 0.9941169023513794, 2
2208, 27, 0.9999866485595703, 27
221, 11, 0.44017723202705383, 11
2210, 27, 0.9583845734596252, 27
2211, 20, 0.9152293801307678, 20
2212, 19, 0.5685527324676514, 19
2216, 14, 0.9647030234336853, 14
2218, 29, 0.188680499792099, 29
2222, 4, 0.9975087642669678, 4
2223, 9, 0.5374676585197449, 9
2224, 2, 0.9927487969398499, 2
2225, 26, 0.6555487513542175, 26
2228, 8, 0.4112783372402191, 8
2229, 17, 0.5380668640136719, 17
2230, 27, 0.9621196985244751, 27
2231, 7, 0.17419783771038055, 7
2237, 18, 0.9872739315032959, 18
2238, 8, 0.9944234490394592, 8
2241, 8, 0.361141562461853, 8
2242, 11, 0.9979975819587708, 11
2244, 27, 0.9895338416099548, 27
2245, 9, 0.44593867659568787, 9
2248, 25, 0.5400651693344116, 25
2249, 14, 0.9953548908233643, 14
2251, 25, 0.8099215626716614, 25
2252, 28, 0.42402270436286926, 28
2253, 3, 0.3755004107952118, 3
2256, 26, 0.9965479969978333, 26
2258, 7, 0.5180653929710388, 7
2259, 29, 0.8633189797401428, 29
2260, 17, 0.8761029839515686, 17
2263, 25, 0.5612937211990356, 25
2265, 14, 0.9999526739120483, 14
2266, 15, 0.5921056270599365, 15
227, 21, 0.5329814553260803, 21
2270, 26, 0.30658888816833496, 26
2272, 26, 0.9618054032325745, 26
2274, 22, 0.3851279020309448, 22
2278, 15, 0.5037188529968262, 15
2279, 17, 0.6921312808990479, 17
2280, 2, 0.6892208456993103, 2
2285, 10, 0.4814802408218384, 10
2286, 6, 0.8319247961044312, 6
2287, 29, 0.997209370136261, 29
229, 2, 0.8930317759513855, 2
2292, 24, 0.2850945293903351, 24
2293, 13, 0.9999985694885254, 13
2296, 2, 0.936649739742279, 2
2297, 5, 0.4306199252605438, 5
2298, 11, 0.6450052261352539, 11
2299, 19, 0.9949148893356323, 19
23, 29, 0.8796995282173157, 29
230, 22, 0.5406690239906311, 22
2300, 17, 0.9266161918640137, 17
2302, 11, 0.49444153904914856, 11
2303, 20, 0.6820902228355408, 20
2307, 4, 0.381836473941803, 4
2310, 1, 0.8716199994087219, 1
2312, 11, 0.5312111973762512, 11
2314, 25, 0.35104474425315857, 25
2318, 11, 0.9173645377159119, 11
232, 15, 0.5846593976020813, 15
2324, 26, 0.9821276068687439, 26
2327, 17, 0.35205933451652527, 17
2328, 17, 0.9492393732070923, 17
2330, 20, 0.800494372844696, 20
2333, 1, 0.9295157194137573, 1
2335, 29, 0.9993816614151001, 29
2336, 16, 0.848990797996521, 16
2337, 3, 0.7996957898139954, 3
2338, 3, 0.5104900598526001, 3
234, 27, 0.9149897694587708, 27
2341, 12, 0.7995970845222473, 12
2342, 21, 0.45133379101753235, 21
2344, 8, 0.565026581287384, 8
2346, 11, 0.7861707806587219, 11
2347, 19, 0.9958257675170898, 19
2349, 22, 0.9934560656547546, 22
235, 4, 0.2883676588535309, 4
2351, 29, 0.2605637311935425, 29
2353, 29, 0.6211254000663757, 29
2354, 12, 0.5376693606376648, 12
236, 25, 0.6292585134506226, 25
2362, 22, 0.38348883390426636, 22
2364, 14, 0.9999983310699463, 14
2365, 2, 0.9999268054962158, 2
2367, 12, 0.9806662201881409, 12
237, 11, 0.9399754405021667, 11
2370, 14, 0.9161854982376099, 14
2371, 12, 0.4878612756729126, 12
2372, 26, 0.5740031003952026, 26
2373, 5, 0.9701715707778931, 5
2374, 24, 0.981886625289917, 24
2378, 11, 0.7412837147712708, 11
2380, 20, 0.7591969966888428, 20
2381, 2, 0.8513780832290649, 2
2384, 22, 0.8299416899681091, 22
2385, 9, 0.6619666814804077, 9
2388, 26, 0.4121820628643036, 26
2389, 25, 0.8835702538490295, 25
239, 3, 0.9999966621398926, 3
240, 29, 0.9977880716323853, 29
2400, 8, 0.4413325786590576, 8
2401, 21, 0.8722176551818848, 21
2402, 26, 0.644900918006897, 26
2403, 29, 0.9994603991508484, 29
2405, 12, 0.40865254402160645, 12
2406, 21, 0.9985581040382385, 21
2410, 29, 0.9998691082000732, 29
2411, 25, 0.9607642889022827, 25
2414, 13, 0.9774764180183411, 13
2416, 14, 0.9810643196105957, 14
2417, 12, 0.39501237869262695, 12
2418, 2, 0.6944963932037354, 2
2419, 19, 0.5016279816627502, 19
242, 15, 0.7561971545219421, 15
2423, 18, 0.9894930124282837, 18
2426, 18, 0.5950830578804016, 18
2429, 2, 0.6663583517074585, 2
243, 12, 0.3614131510257721, 12
2433, 10, 0.9983841180801392, 10
2437, 11, 0.6505855917930603, 11
2440, 20, 0.6325661540031433, 20
2443, 27, 0.6189006567001343, 27
2445, 25, 0.848608672618866, 25
2446, 12, 0.7445371747016907, 12
2447, 2, 0.9997566342353821, 2
2448, 25, 0.5326109528541565, 25
2449, 22, 0.7058795094490051, 22
245, 23, 0.411113440990448, 23
2453, 8, 0.49378731846809387, 8
2454, 19, 0.8556793332099915, 19
2456, 14, 0.5121461153030396, 14
2458, 15, 0.6239128708839417, 15
2459, 20, 0.9093201756477356, 20
246, 17, 0.5668561458587646, 17
2461, 3, 0.6857562065124512, 3
2463, 5, 0.9247981309890747, 5
2464, 8, 0.5278487205505371, 8
2466, 22, 0.9996211528778076, 22
2467, 21, 0.2578123211860657, 21
2470, 13, 0.9795950055122375, 13
2471, 29, 0.9870477318763733, 29
2472, 4, 0.773695707321167, 4
2474, 3, 0.39356234669685364, 3
2476, 6, 0.8776634335517883, 6
2477, 8, 0.3206036388874054, 8
2478, 29, 0.9896442890167236, 29
2479, 5, 0.5349451899528503, 5
248, 5, 0.8685210347175598, 5
2480, 3, 0.4935727119445801, 3
2484, 27, 0.9999672174453735, 27
2485, 2, 0.9960731267929077, 2
2488, 24, 0.9570625424385071, 24
2493, 29, 0.7155135273933411, 29
2494, 26, 0.5497996807098389, 26
2499, 17, 0.8097259402275085, 17
2504, 29, 0.9831847548484802, 29
2505, 19, 0.993736743927002, 19
2506, 10, 0.7459614872932434, 10
2509, 15, 0.9755896925926208, 15
251, 20, 0.9815723896026611, 20
2510, 20, 0.41737425327301025, 20
2511, 23, 0.9567812085151672, 23
2513, 20, 0.8627577424049377, 20
2514, 8, 0.4025833010673523, 8
2515, 2, 0.9683519005775452, 2
2516, 27, 0.9999856948852539, 27
2518, 6, 0.8320735096931458, 6
252, 25, 0.583441972732544, 25
2522, 23, 0.6727571487426758, 23
2523, 19, 0.26714596152305603, 19
2526, 6, 0.5511241555213928, 6
2527, 17, 0.9538192749023438, 17
253, 16, 0.5018939971923828, 16
2530, 15, 0.8467605710029602, 15
2541, 9, 0.5569834113121033, 9
2542, 29, 0.9995216131210327, 29
2545, 25, 0.5196802020072937, 25
255, 17, 0.5097164511680603, 17
2551, 13, 0.6554296016693115, 13
2552, 25, 0.500455915927887, 25
2553, 26, 0.3284102976322174, 26
2554, 18, 0.6586041450500488, 18
2560, 7, 0.8641606569290161, 7
2565, 19, 0.9982069730758667, 19
2566, 12, 0.6122357845306396, 12
2569, 5, 0.9543943405151367, 5
2570, 27, 0.5490515828132629, 27
2571, 20, 0.448060005903244, 20
2572, 12, 0.9745688438415527, 12
2573, 15, 0.5081145763397217, 15
2574, 14, 0.4963397979736328, 14
2575, 3, 0.5678796172142029, 3
2576, 7, 0.6847834587097168, 7
2577, 22, 0.37406113743782043, 22
2579, 29, 0.4543319046497345, 29
2580, 8, 0.9225212931632996, 8
2581, 5, 0.40124446153640747, 5
2582, 14, 0.538337767124176, 14
2583, 10, 0.7554136514663696, 10
2584, 14, 0.36657217144966125, 14
2585, 2, 0.5128075480461121, 2
2586, 19, 0.600919783115387, 19
2594, 2, 0.9876856803894043, 2
2595, 19, 0.9914321899414062, 19
2597, 24, 0.9794045686721802, 24
26, 20, 0.5622923374176025, 20
260, 17, 0.6283353567123413, 17
2601, 26, 0.5181921720504761, 26
2603, 13, 0.9999567270278931, 13
2606, 29, 0.8746291995048523, 29
2607, 6, 0.6822547316551208, 6
2608, 6, 0.4986476004123688, 6
2609, 26, 0.7943443655967712, 26
2614, 13, 0.9999920129776001, 13
2615, 11, 0.9999978542327881, 11
2616, 19, 0.8815872669219971, 19
2618, 29, 0.5188494324684143, 29
2620, 23, 0.6573989391326904, 23
2622, 2, 0.38523879647254944, 2
2628, 26, 0.34899863600730896, 26
2629, 5, 0.9974421262741089, 5
2630, 10, 0.988217294216156, 10
2633, 25, 0.5001184940338135, 25
2636, 18, 0.9732716679573059, 18
2638, 14, 0.6435602903366089, 14
2639, 22, 0.35795608162879944, 22
264, 5, 0.1776539832353592, 5
2642, 27, 0.9930729269981384, 27
2643, 5, 0.9084442853927612, 5
2644, 6, 0.4719848334789276, 6
2649, 19, 0.9422693252563477, 19
2650, 19, 0.6041480898857117, 19
2654, 13, 0.5190085768699646, 13
2656, 26, 0.362358421087265, 26
2657, 11, 0.9943537712097168, 11
2658, 16, 0.490862637758255, 16
266, 21, 0.2545223534107208, 21
2661, 25, 0.8828996419906616, 25
2662, 8, 0.5833218693733215, 8
2663, 22, 0.8797004818916321, 22
2664, 26, 0.9980410933494568, 26
2668, 7, 0.2624666690826416, 7
2669, 13, 0.9357388615608215, 13
267, 29, 0.8458597660064697, 29
2672, 19, 0.9976876974105835, 19
2674, 11, 0.7933633327484131, 11
2675, 11, 0.8269956707954407, 11
2676, 14, 0.8986117243766785, 14
2677, 1, 0.9936068058013916, 1
2678, 13, 0.7366079688072205, 13
2679, 2, 0.9895851016044617, 2
268, 12, 0.6195831894874573, 12
2681, 5, 0.9153213500976562, 5
2682, 4, 0.7012125253677368, 4
2683, 15, 0.9547412991523743, 15
2684, 23, 0.9654178023338318, 23
2685, 13, 0.9980279803276062, 13
2686, 19, 0.997596800327301, 19
2689, 14, 0.9931631088256836, 14
2692, 25, 0.9984169006347656, 25
2693, 11, 0.5199072360992432, 11
2696, 13, 0.9802446365356445, 13
2699, 2, 0.17775991559028625, 2
2702, 5, 0.9999717473983765, 5
2704, 11, 0.9893411993980408, 11
2705, 25, 0.5142465233802795, 25
2709, 2, 0.9178348183631897, 2
2711, 19, 0.9324943423271179, 19
272, 29, 0.9979912042617798, 29
2720, 13, 0.9999914169311523, 13
2722, 9, 0.9202222228050232, 9
2724, 29, 0.7016115784645081, 29
2726, 6, 0.5986825823783875, 6
2728, 20, 0.8406904935836792, 20
273, 10, 0.4262654483318329, 10
2730, 25, 0.787168025970459, 25
2733, 3, 0.5870791077613831, 3
2734, 19, 0.5534034967422485, 19
2735, 15, 0.9998263716697693, 15
2736, 13, 0.9998557567596436, 13
2737, 3, 0.7219692468643188, 3
2739, 11, 0.9884540438652039, 11
274, 12, 0.4123791754245758, 12
2740, 11, 0.3263261020183563, 11
2742, 26, 0.9999781847000122, 26
2744, 27, 0.9999997615814209, 27
2749, 1, 0.6476210951805115, 1
275, 5, 0.6291029453277588, 5
2750, 24, 0.973839282989502, 24
2751, 12, 0.9805210828781128, 12
2758, 19, 0.6037706136703491, 19
2760, 2, 0.5420555472373962, 2
2761, 29, 0.9810805916786194, 29
2765, 10, 0.9855681657791138, 10
2767, 11, 0.988463819026947, 11
2768, 2, 0.4891100525856018, 2
2769, 19, 0.9993095397949219, 19
2772, 22, 0.5997288227081299, 22
2773, 14, 0.9994953870773315, 14
2778, 9, 0.9996127486228943, 9
2781, 21, 0.9848606586456299, 21
2785, 18, 0.9163329005241394, 18
2787, 7, 0.5166775584220886, 7
2789, 12, 0.8833086490631104, 12
2790, 13, 0.9994688630104065, 13
2792, 23, 0.5080938935279846, 23
2794, 20, 0.7371168732643127, 20
2796, 2, 0.8447989821434021, 2
2797, 21, 0.2263334095478058, 21
2799, 20, 0.7148683071136475, 20
280, 26, 0.7700845003128052, 26
2800, 13, 0.42884111404418945, 13
2802, 17, 0.428570955991745, 17
2805, 15, 0.5847318768501282, 15
2806, 24, 0.9188038110733032, 24
2807, 25, 0.959122359752655, 25
2808, 16, 0.8570000529289246, 16
2811, 17, 0.843334436416626, 17
2813, 3, 0.4544498920440674, 3
2815, 29, 0.9015378952026367, 29
2817, 11, 0.17079634964466095, 11
2819, 22, 0.934414803981781, 22
2820, 26, 0.9704280495643616, 26
2821, 5, 0.7143864631652832, 5
2822, 11, 0.46374744176864624, 11
2825, 2, 0.5966723561286926, 2
2826, 1, 0.45237627625465393, 1
2827, 23, 0.9999618530273438, 23
2829, 28, 0.6757810115814209, 28
2830, 27, 0.9990436434745789, 27
2831, 25, 0.8482645750045776, 25
2832, 27, 0.9996166229248047, 27
2834, 7, 0.33891645073890686, 7
2837, 14, 0.999957799911499, 14
2838, 3, 0.5867409110069275, 3
2839, 26, 0.3946945071220398, 26
284, 29, 0.9905115962028503, 29
2842, 11, 0.6869843602180481, 11
2843, 27, 0.5375949740409851, 27
2845, 20, 0.7088629007339478, 20
2849, 17, 0.9938948750495911, 17
285, 12, 0.7719153761863708, 12
2852, 8, 0.4577482342720032, 8
2855, 26, 0.6088396310806274, 26
2858, 22, 0.7640618681907654, 22
2860, 19, 0.40439730882644653, 19
2864, 5, 0.6149307489395142, 5
2867, 19, 0.6753494739532471, 19
2868, 12, 0.9786131381988525, 12
2869, 9, 0.996439516544342, 9
2870, 18, 0.2955607771873474, 18
2872, 22, 0.9172905087471008, 22
2874, 12, 0.4650026559829712, 12
2875, 27, 0.9917884469032288, 27
2877, 15, 0.41646909713745117, 15
2878, 23, 0.6528045535087585, 23
2881, 19, 0.5523668527603149, 19
2883, 22, 0.9807392358779907, 22
2889, 26, 0.39042434096336365, 26
2891, 19, 0.9995366334915161, 19
2894, 4, 0.9857276082038879, 4
2896, 18, 0.6476026773452759, 18
2897, 12, 0.5760009288787842, 12
29, 15, 0.5378630757331848, 15
2900, 11, 0.9999792575836182, 11
2902, 17, 0.5219466090202332, 17
2906, 7, 0.7992709875106812, 7
2907, 16, 0.42708855867385864, 16
291, 20, 0.35801663994789124, 20
2911, 2, 0.7152291536331177, 2
2912, 13, 0.9999651908874512, 13
2915, 11, 0.8882540464401245, 11
2916, 19, 0.5215660929679871, 19
2918, 2, 0.4690326750278473, 2
2919, 2, 0.6422591209411621, 2
292, 4, 0.5167734622955322, 4
2924, 14, 0.6709044575691223, 14
2925, 22, 0.6616136431694031, 22
2926, 25, 0.3528071641921997, 25
2928, 16, 0.9654883742332458, 16
293, 27, 1.0, 27
2930, 5, 0.8772843480110168, 5
2931, 1, 0.5011717081069946, 1
2933, 26, 0.8504334092140198, 26
2936, 14, 0.378899484872818, 14
2940, 15, 0.8857530951499939, 15
2941, 2, 0.7255046367645264, 2
2942, 24, 0.44391435384750366, 24
2943, 17, 0.7804368734359741, 17
2945, 21, 0.5698385238647461, 21
2946, 3, 0.2797078788280487, 3
2948, 11, 0.2661746144294739, 11
2951, 29, 0.72885662317276, 29
2952, 20, 0.6495226621627808, 20
2953, 26, 0.2796357274055481, 26
2955, 10, 0.2055138796567917, 10
2956, 25, 0.7816711068153381, 25
2957, 5, 0.6478477120399475, 5
2958, 13, 0.9989859461784363, 13
2959, 11, 0.8867871165275574, 11
2961, 2, 0.7085710763931274, 2
2964, 7, 0.5981786251068115, 7
2965, 29, 0.5053551197052002, 29
2966, 7, 0.5190495848655701, 7
2969, 25, 0.9514127373695374, 25
297, 10, 0.9620651602745056, 10
2970, 19, 0.640636682510376, 19
2972, 11, 0.9974228143692017, 11
2974, 14, 0.47210338711738586, 14
2979, 17, 0.9324374198913574, 17
2980, 21, 0.9004533290863037, 21
2983, 13, 0.9999216794967651, 13
2987, 21, 0.8763971328735352, 21
2989, 11, 0.9990956783294678, 11
299, 2, 0.7845492959022522, 2
2990, 7, 0.2792167365550995, 7
2993, 22, 0.8920170664787292, 22
2994, 14, 0.9967508316040039, 14
2998, 23, 0.9761983156204224, 23
30, 9, 0.9799237847328186, 9
300, 21, 0.33477529883384705, 21
3000, 22, 0.9908952713012695, 22
3003, 13, 0.9990562796592712, 13
3009, 13, 0.9997649788856506, 13
301, 22, 0.38065269589424133, 22
3010, 6, 0.4816298484802246, 6
3011, 10, 0.5202924609184265, 10
3013, 27, 0.9947532415390015, 27
3015, 19, 0.5103910565376282, 19
3017, 15, 0.9959230422973633, 15
302, 29, 0.9998310804367065, 29
3020, 5, 0.2693089544773102, 5
3021, 10, 0.3149413764476776, 10
3022, 26, 0.7655990123748779, 26
3023, 10, 0.42723357677459717, 10
3024, 3, 0.33473336696624756, 3
3025, 2, 0.22681482136249542, 2
3026, 19, 0.9414241313934326, 19
3030, 11, 0.25877097249031067, 11
3031, 29, 0.9999988079071045, 29
3032, 13, 0.8212790489196777, 13
3033, 17, 0.9915292263031006, 17
3034, 29, 0.9965973496437073, 29
3036, 8, 0.24313655495643616, 8
3037, 25, 0.6485741138458252, 25
3038, 8, 0.9918733239173889, 8
3041, 23, 0.8763914704322815, 23
3042, 14, 0.8477637767791748, 14
3043, 13, 0.9998936653137207, 13
3046, 27, 0.9999878406524658, 27
3047, 22, 0.9972668886184692, 22
3048, 18, 0.5469091534614563, 18
305, 2, 0.8412792086601257, 2
3050, 4, 0.5985661149024963, 4
3052, 2, 0.9994935989379883, 2
3056, 26, 0.9381312131881714, 26
3057, 25, 0.5520349144935608, 25
3059, 12, 0.8498823046684265, 12
306, 27, 0.9999998807907104, 27
3060, 26, 0.9425642490386963, 26
3061, 14, 0.4805430769920349, 14
3062, 25, 0.9810077548027039, 25
3063, 3, 0.720822274684906, 3
3064, 21, 0.9187788367271423, 21
3065, 2, 0.9931567311286926, 2
3067, 6, 0.689933180809021, 6
3068, 16, 0.9168328642845154, 16
3069, 25, 0.31404513120651245, 25
307, 29, 0.993829071521759, 29
3074, 29, 0.9964762330055237, 29
3076, 23, 0.8098919987678528, 23
3077, 23, 0.9891688823699951, 23
3082, 9, 0.6244951486587524, 9
3083, 4, 0.6680554747581482, 4
3086, 11, 0.9976789355278015, 11
3087, 3, 0.7025943994522095, 3
3088, 17, 0.34268221259117126, 17
309, 27, 0.44146519899368286, 27
3091, 8, 0.6200830936431885, 8
3093, 13, 0.9994345307350159, 13
3095, 11, 0.8353990912437439, 11
3098, 26, 0.44456300139427185, 26
3099, 7, 0.6918309330940247, 7
31, 18, 0.8239989280700684, 18
310, 29, 0.8722919821739197, 29
3100, 27, 0.9864971041679382, 27
3105, 15, 0.48690909147262573, 15
3106, 24, 0.49173104763031006, 24
3108, 27, 0.9841920137405396, 27
3110, 7, 0.6491608023643494, 7
3111, 20, 0.6345071196556091, 20
3114, 16, 0.42529866099357605, 16
3118, 20, 0.8507133722305298, 20
3119, 21, 0.6392232775688171, 21
312, 16, 0.5749569535255432, 16
3120, 19, 0.877906322479248, 19
3123, 12, 0.8282631039619446, 12
3124, 2, 0.9865512847900391, 2
3125, 19, 0.9162322282791138, 19
3126, 17, 0.6934211254119873, 17
3127, 22, 0.7748534679412842, 22
3128, 18, 0.311583548784256, 18
3129, 9, 0.9130642414093018, 9
3130, 14, 0.9933536052703857, 14
3132, 24, 0.6887396574020386, 24
3134, 19, 0.5041823387145996, 19
3135, 5, 0.8986613154411316, 5
3136, 26, 0.7066659331321716, 26
3137, 4, 0.4009011387825012, 4
3139, 2, 0.9824151396751404, 2
314, 2, 0.8045090436935425, 2
3142, 25, 0.2880370020866394, 25
3143, 26, 0.9435234069824219, 26
3145, 29, 0.9999809265136719, 29
3148, 25, 0.6115836501121521, 25
3150, 29, 0.948195219039917, 29
3152, 25, 0.5877557992935181, 25
3154, 27, 0.9974948167800903, 27
3155, 25, 0.28991594910621643, 25
3157, 14, 0.6747928857803345, 14
3158, 8, 0.7201004028320312, 8
3159, 14, 0.7383204102516174, 14
316, 22, 0.9990525841712952, 22
3160, 20, 0.9957964420318604, 20
3161, 2, 0.9964457154273987, 2
3162, 9, 0.6793918013572693, 9
3164, 21, 0.47124946117401123, 21
3165, 13, 0.9999829530715942, 13
3167, 20, 0.938559353351593, 20
3168, 16, 0.5754479765892029, 16
317, 24, 0.38863179087638855, 24
3170, 6, 0.9206588268280029, 6
3173, 23, 0.5944114923477173, 23
3176, 7, 0.4515030086040497, 7
3177, 4, 0.8576096296310425, 4
3179, 19, 0.5832833647727966, 19
3180, 24, 0.32080355286598206, 24
3181, 22, 0.9509724378585815, 22
3182, 5, 0.5332457423210144, 5
3183, 23, 0.5953094363212585, 23
3187, 17, 0.9967625141143799, 17
3188, 27, 0.44921448826789856, 27
3189, 29, 0.7745380401611328, 29
3191, 17, 0.4403980076313019, 17
3192, 20, 0.6725145578384399, 20
3195, 14, 0.7309272289276123, 14
3196, 7, 0.4609645903110504, 7
3197, 9, 0.980478823184967, 9
32, 2, 0.7463719844818115, 2
320, 22, 0.2712451219558716, 22
3200, 2, 0.8026947379112244, 2
3202, 9, 0.7645167708396912, 9
3203, 14, 0.9999949932098389, 14
3206, 3, 0.6938796639442444, 3
3207, 29, 0.9946795105934143, 29
321, 10, 0.9886632561683655, 10
3211, 26, 0.8061858415603638, 26
3213, 25, 0.8678306341171265, 25
3216, 9, 0.8242009282112122, 9
3217, 28, 0.983669638633728, 28
3218, 15, 0.49031171202659607, 15
3219, 13, 0.9999978542327881, 13
3225, 2, 0.9892148375511169, 2
3227, 1, 0.3577556610107422, 1
323, 27, 0.9992080330848694, 27
3232, 23, 0.9995734095573425, 23
3234, 25, 0.27198222279548645, 25
3237, 5, 0.4697844982147217, 5
3238, 20, 0.43978530168533325, 20
324, 17, 0.5314369201660156, 17
3240, 11, 0.999998927116394, 11
3242, 23, 0.7955182790756226, 23
3243, 12, 0.81778484582901, 12
3245, 18, 0.20172743499279022, 18
3246, 16, 0.9783198237419128, 16
3247, 8, 0.4731406569480896, 8
3248, 14, 0.2978331744670868, 14
3249, 17, 0.9414944052696228, 17
325, 28, 0.39323195815086365, 28
3251, 21, 0.6393128037452698, 21
3254, 19, 0.4380071461200714, 19
3256, 22, 0.3724457323551178, 22
3258, 5, 0.8667975068092346, 5
3259, 8, 0.8797563910484314, 8
326, 29, 0.9993708729743958, 29
3260, 16, 0.9510883688926697, 16
3262, 20, 0.6445618271827698, 20
3269, 19, 0.7769054174423218, 19
327, 29, 0.5357939600944519, 29
3271, 3, 0.6430435180664062, 3
3274, 5, 0.5079323053359985, 5
3276, 5, 0.47240740060806274, 5
3279, 6, 0.8716066479682922, 6
328, 29, 0.8019381761550903, 29
3280, 2, 0.6376721858978271, 2
3282, 11, 0.5235962271690369, 11
3283, 9, 0.2146572768688202, 9
3284, 5, 0.5847127437591553, 5
3287, 29, 0.6916712522506714, 29
3288, 2, 0.7696855664253235, 2
329, 13, 0.5401577353477478, 13
3291, 14, 0.9840167760848999, 14
3292, 19, 0.8912732005119324, 19
3294, 2, 0.5901501774787903, 2
3297, 5, 0.5806864500045776, 5
330, 23, 0.9999914169311523, 23
3300, 13, 0.9963511228561401, 13
3301, 5, 0.9043134450912476, 5
3302, 12, 0.39838576316833496, 12
3303, 1, 0.9874837398529053, 1
3305, 5, 0.29191508889198303, 5
3306, 11, 0.5358729362487793, 11
3310, 29, 0.8308560252189636, 29
3315, 26, 0.8568025827407837, 26
3316, 22, 0.9827086925506592, 22
3319, 25, 0.5095124840736389, 25
3321, 10, 0.7198404669761658, 10
3322, 17, 0.8679789900779724, 17
3323, 20, 0.9969499707221985, 20
3325, 9, 0.9984084963798523, 9
3326, 26, 0.9161206483840942, 26
3329, 20, 0.44376346468925476, 20
3331, 11, 0.9609174728393555, 11
3334, 13, 0.9985119700431824, 13
3335, 26, 0.4211246371269226, 26
3337, 26, 0.9347125887870789, 26
3342, 11, 0.2935419976711273, 11
3348, 29, 0.5646593570709229, 29
3349, 6, 0.8008225560188293, 6
335, 2, 0.542074978351593, 2
3350, 16, 0.9953820109367371, 16
3351, 28, 0.37848520278930664, 28
3352, 8, 0.5141828656196594, 8
3353, 17, 0.9071598649024963, 17
3355, 2, 0.5912925004959106, 2
3361, 2, 0.8960617184638977, 2
3363, 22, 0.5699482560157776, 22
3364, 26, 0.4574030041694641, 26
3370, 9, 0.8339335322380066, 9
3371, 23, 0.6462185382843018, 23
3372, 12, 0.49148574471473694, 12
3374, 13, 0.29651010036468506, 13
3377, 11, 0.25801321864128113, 11
3380, 2, 0.5915451645851135, 2
3382, 11, 0.9998113512992859, 11
3384, 26, 0.5741260051727295, 26
3386, 7, 0.5359119176864624, 7
3387, 3, 0.5215153098106384, 3
339, 19, 0.8698701858520508, 19
3390, 25, 0.8040674924850464, 25
3391, 15, 0.4036855697631836, 15
3392, 28, 0.5536598563194275, 28
3393, 24, 0.9307873845100403, 24
3395, 12, 0.7419150471687317, 12
3400, 23, 0.5193437933921814, 23
3402, 16, 0.5519729256629944, 16
3407, 14, 0.8950056433677673, 14
3408, 17, 0.8665900230407715, 17
3410, 27, 0.3179156184196472, 27
3411, 25, 0.718059778213501, 25
3412, 26, 0.677593469619751, 26
3413, 19, 0.4787834584712982, 19
3415, 29, 0.9999605417251587, 29
3416, 19, 0.6004934310913086, 19
3417, 14, 0.9665148854255676, 14
3418, 29, 0.9998875856399536, 29
3419, 8, 0.6163020730018616, 8
342, 12, 0.8242141008377075, 12
3421, 6, 0.9213426113128662, 6
3422, 21, 0.8347145318984985, 21
3426, 7, 0.5506800413131714, 7
3430, 4, 0.461383581161499, 4
3432, 4, 0.3843407928943634, 4
3433, 4, 0.47235944867134094, 4
3434, 5, 0.7959824204444885, 5
3435, 19, 0.9487316012382507, 19
3438, 29, 0.9983981251716614, 29
3439, 9, 0.29848775267601013, 9
344, 27, 1.0, 27
3440, 19, 0.9756136536598206, 19
3442, 26, 0.4963236451148987, 26
3444, 29, 0.4611915349960327, 29
3445, 11, 0.9985795021057129, 11
3447, 2, 0.4776310324668884, 2
3448, 17, 0.4581052362918854, 17
3449, 20, 0.8930444717407227, 20
345, 8, 0.9717408418655396, 8
3450, 29, 0.9951711297035217, 29
3453, 17, 0.9547061920166016, 17
3454, 2, 0.49712395668029785, 2
3457, 2, 0.9587196707725525, 2
3459, 24, 0.6729177236557007, 24
346, 15, 0.8775262832641602, 15
3461, 29, 0.999010443687439, 29
3462, 18, 0.5803708434104919, 18
3463, 14, 0.6531573534011841, 14
3464, 26, 0.675830602645874, 26
3467, 15, 0.3809188902378082, 15
3468, 24, 0.7408737540245056, 24
347, 26, 0.6729027032852173, 26
3470, 19, 0.9499884247779846, 19
3471, 12, 0.7401968240737915, 12
3472, 21, 0.9299725294113159, 21
3473, 25, 0.361650288105011, 25
3474, 9, 0.48405715823173523, 9
3477, 9, 0.364459753036499, 9
3479, 11, 0.9998356103897095, 11
348, 15, 0.5948904156684875, 15
3481, 24, 0.8417897820472717, 24
3482, 16, 0.3188166916370392, 16
3483, 21, 0.7701396346092224, 21
3484, 23, 0.42648592591285706, 23
3486, 26, 0.4140497148036957, 26
3488, 8, 0.8896848559379578, 8
3489, 23, 0.9861541390419006, 23
3491, 12, 0.3495955169200897, 12
3493, 4, 0.31707724928855896, 4
3496, 20, 0.8959694504737854, 20
3498, 2, 0.9325376749038696, 2
3499, 20, 0.9891360998153687, 20
350, 6, 0.956358015537262, 6
3501, 27, 0.42756229639053345, 27
3502, 22, 0.9585047364234924, 22
3504, 13, 0.99997878074646, 13
3505, 23, 0.8996596336364746, 23
3506, 19, 0.935548722743988, 19
3508, 17, 0.9332608580589294, 17
3509, 5, 0.3715255856513977, 5
3516, 14, 0.9996612071990967, 14
3517, 11, 0.766383945941925, 11
3519, 11, 0.9951287508010864, 11
352, 19, 0.5970849394798279, 19
3520, 8, 0.9936082363128662, 8
3521, 19, 0.6522725224494934, 19
3522, 2, 0.48814573884010315, 2
3523, 7, 0.5094342827796936, 7
3527, 18, 0.4489976167678833, 18
3529, 9, 0.9999885559082031, 9
3533, 6, 0.6393522620201111, 6
3534, 11, 0.33335840702056885, 11
3535, 5, 0.7354522347450256, 5
3536, 2, 0.312829852104187, 2
3539, 25, 0.5996860861778259, 25
3540, 26, 0.7767897248268127, 26
3541, 20, 0.9887927174568176, 20
3547, 15, 0.5133430361747742, 15
3548, 14, 0.5263967514038086, 14
3549, 14, 0.7764608263969421, 14
355, 23, 0.909186065196991, 23
3550, 27, 0.999876856803894, 27
3551, 5, 0.429820716381073, 5
3553, 19, 0.9428764581680298, 19
3554, 9, 0.995499312877655, 9
3557, 24, 0.7069731950759888, 24
3558, 19, 0.8938284516334534, 19
356, 5, 0.6418331265449524, 5
3561, 20, 0.80296391248703, 20
3562, 25, 0.6020347476005554, 25
3563, 29, 0.8605087995529175, 29
3564, 6, 0.6121943593025208, 6
3568, 17, 0.44818314909935, 17
357, 11, 0.9892337322235107, 11
3570, 27, 0.6987504959106445, 27
3575, 29, 0.4171936511993408, 29
3576, 13, 0.7606173157691956, 13
358, 12, 0.8902139663696289, 12
3581, 22, 0.884813129901886, 22
3583, 2, 0.9602308869361877, 2
3584, 20, 0.9593365788459778, 20
3586, 16, 0.9985912442207336, 16
3588, 7, 0.4455658197402954, 7
3589, 7, 0.5991477966308594, 7
3590, 25, 0.3347848355770111, 25
3591, 2, 0.683724582195282, 2
3593, 11, 0.877841591835022, 11
3594, 27, 0.27195388078689575, 27
3596, 8, 0.8053708076477051, 8
36, 27, 0.8234121799468994, 27
360, 3, 0.3199930191040039, 3
3601, 13, 0.6328436732292175, 13
3604, 18, 0.49925366044044495, 18
3605, 27, 0.8892326951026917, 27
361, 29, 0.8264646530151367, 29
3610, 10, 0.8586289882659912, 10
3611, 22, 0.7781943082809448, 22
3613, 13, 0.996048629283905, 13
3614, 22, 0.9997606873512268, 22
3616, 27, 0.9208163022994995, 27
3623, 19, 0.9996064305305481, 19
3627, 2, 0.936517596244812, 2
3628, 8, 0.6032212972640991, 8
363, 10, 0.7671768069267273, 10
3630, 19, 0.38485559821128845, 19
3631, 14, 0.4187348783016205, 14
3633, 2, 0.36866816878318787, 2
3641, 13, 0.9986735582351685, 13
3642, 6, 0.6903232336044312, 6
3645, 7, 0.9801647663116455, 7
3646, 13, 0.984527587890625, 13
3647, 23, 0.7081764936447144, 23
3648, 17, 0.9652458429336548, 17
365, 17, 0.8158599138259888, 17
3650, 2, 0.8204137682914734, 2
3652, 11, 0.30428388714790344, 11
3653, 1, 0.7784359455108643, 1
3655, 25, 0.6025440692901611, 25
3656, 13, 0.9998846054077148, 13
3657, 29, 0.9862126111984253, 29
3659, 19, 0.7677218317985535, 19
3661, 2, 0.43879178166389465, 2
3662, 19, 0.9830233454704285, 19
3665, 19, 0.7747288346290588, 19
3668, 25, 0.9894772171974182, 25
3669, 27, 0.5324326157569885, 27
3670, 11, 0.40742361545562744, 11
3671, 24, 0.3403177261352539, 24
3672, 21, 0.9466871619224548, 21
3676, 3, 0.3349050283432007, 3
3677, 12, 0.9584218263626099, 12
3678, 27, 0.9888731837272644, 27
3679, 26, 0.6920680403709412, 26
3680, 19, 0.717390775680542, 19
3682, 25, 0.9584349393844604, 25
3686, 18, 0.888787567615509, 18
3687, 4, 0.9183602333068848, 4
3689, 25, 0.8554577827453613, 25
3690, 11, 0.7110970616340637, 11
3691, 12, 0.8723350167274475, 12
3693, 20, 0.9619606733322144, 20
3695, 8, 0.748410701751709, 8
3697, 29, 0.9814086556434631, 29
3698, 25, 0.5958327054977417, 25
3704, 21, 0.4795690178871155, 21
3706, 26, 0.9805399775505066, 26
3708, 2, 0.7260348796844482, 2
371, 29, 0.6951668858528137, 29
3710, 10, 0.39894840121269226, 10
3712, 13, 0.999538779258728, 13
3714, 25, 0.8748781085014343, 25
3715, 29, 0.9011460542678833, 29
3716, 14, 0.3590148091316223, 14
3724, 11, 0.9558650851249695, 11
3725, 17, 0.6510591506958008, 17
3727, 29, 0.9992609620094299, 29
3728, 27, 0.5729260444641113, 27
3729, 20, 0.5070024132728577, 20
3730, 14, 0.684136688709259, 14
3732, 7, 0.6377142667770386, 7
3733, 25, 0.9991297125816345, 25
3734, 22, 0.6005380153656006, 22
3737, 15, 0.9761078953742981, 15
3739, 26, 0.9147592782974243, 26
3740, 28, 0.30028852820396423, 28
3742, 26, 0.9165531396865845, 26
3743, 23, 0.5534048080444336, 23
3745, 18, 0.9129766821861267, 18
3746, 19, 0.9699104428291321, 19
3748, 19, 0.5389806032180786, 19
3749, 19, 0.9935498833656311, 19
375, 19, 0.4019419848918915, 19
3750, 2, 0.9392953515052795, 2
3752, 2, 0.6545714139938354, 2
3754, 17, 0.9799031615257263, 17
3756, 15, 0.9095522165298462, 15
376, 26, 0.23678362369537354, 26
3760, 22, 0.8693833947181702, 22
3761, 13, 0.9999978542327881, 13
3762, 11, 0.9996925592422485, 11
3763, 5, 0.193720281124115, 5
3764, 4, 0.9870614409446716, 4
3765, 26, 0.9102738499641418, 26
3767, 2, 0.5713234543800354, 2
3768, 11, 0.8171192407608032, 11
377, 2, 0.8747152090072632, 2
3770, 19, 0.4315583109855652, 19
3772, 17, 0.7265805602073669, 17
3773, 29, 0.7876393795013428, 29
3776, 23, 0.6322387456893921, 23
378, 25, 0.8638388514518738, 25
3780, 12, 0.3054349720478058, 12
3781, 20, 0.9869375824928284, 20
3785, 5, 0.6024015545845032, 5
3786, 26, 0.6343653798103333, 26
3787, 24, 0.9677441120147705, 24
3793, 3, 0.7382190227508545, 3
3796, 25, 0.5679774284362793, 25
3797, 19, 0.3817664086818695, 19
3798, 22, 0.6554505825042725, 22
3799, 24, 0.4164768159389496, 24
380, 13, 0.9999309778213501, 13
3801, 19, 0.7741683721542358, 19
3803, 14, 0.9998231530189514, 14
3804, 1, 0.6540132761001587, 1
3806, 27, 0.9999973773956299, 27
3808, 19, 0.478279709815979, 19
381, 2, 0.9284521341323853, 2
3812, 25, 0.9136315584182739, 25
3813, 26, 0.9865169525146484, 26
3815, 27, 0.999993085861206, 27
3826, 11, 0.9799516797065735, 11
3828, 7, 0.788029670715332, 7
3833, 20, 0.37453731894493103, 20
3835, 7, 0.8323363661766052, 7
3837, 8, 0.8962060809135437, 8
3838, 29, 0.7738361954689026, 29
384, 13, 0.9999626874923706, 13
3841, 26, 0.3179071545600891, 26
3842, 19, 0.8250905871391296, 19
3844, 29, 0.9999963045120239, 29
3845, 11, 0.8197632431983948, 11
3847, 22, 0.3774924576282501, 22
3851, 21, 0.8879232406616211, 21
3856, 26, 0.21895118057727814, 26
3858, 11, 0.5688639879226685, 11
3859, 29, 0.7482024431228638, 29
386, 21, 0.5371090173721313, 21
3862, 29, 0.9986666440963745, 29
3863, 22, 0.8446900844573975, 22
3865, 24, 0.2961466312408447, 24
3867, 17, 0.7263876795768738, 17
387, 13, 0.9998337030410767, 13
3870, 28, 0.7844641208648682, 28
3874, 9, 0.49048373103141785, 9
3875, 11, 0.5299834609031677, 11
3876, 29, 0.9830135703086853, 29
388, 14, 0.9636754393577576, 14
3880, 5, 0.7670677900314331, 5
3886, 2, 0.9989579916000366, 2
3889, 19, 0.9999654293060303, 19
389, 29, 0.7912437319755554, 29
3890, 25, 0.6131945848464966, 25
3891, 23, 0.8875956535339355, 23
3893, 27, 1.0, 27
3894, 19, 0.31477901339530945, 19
390, 17, 0.9455204010009766, 17
3901, 29, 0.2717028856277466, 29
3902, 2, 0.27896222472190857, 2
3903, 15, 0.6241815686225891, 15
3904, 7, 0.49421244859695435, 7
3907, 28, 0.5070072412490845, 28
3913, 8, 0.6369546055793762, 8
3915, 22, 0.9606092572212219, 22
3917, 11, 0.9999945163726807, 11
3919, 13, 0.5535106062889099, 13
3920, 19, 0.7492514252662659, 19
3921, 4, 0.2351192981004715, 4
3923, 13, 0.9354815483093262, 13
3924, 12, 0.30386820435523987, 12
3925, 25, 0.9292786717414856, 25
3927, 10, 0.35106849670410156, 10
3928, 14, 0.789485514163971, 14
3929, 19, 0.8166698217391968, 19
3930, 18, 0.2832691967487335, 18
3934, 8, 0.626196026802063, 8
3935, 26, 0.7329301834106445, 26
3936, 29, 0.9478998184204102, 29
3938, 9, 0.6173691153526306, 9
394, 21, 0.5205830335617065, 21
3940, 13, 0.9999991655349731, 13
3943, 12, 0.4143070876598358, 12
3948, 22, 0.7285340428352356, 22
3950, 14, 0.9935365319252014, 14
3951, 26, 0.6503081917762756, 26
3953, 28, 0.36082300543785095, 28
3954, 8, 0.9737061262130737, 8
3956, 25, 0.7357872128486633, 25
3957, 7, 0.5501587986946106, 7
3958, 17, 0.9862298965454102, 17
3959, 2, 0.9980162382125854, 2
396, 3, 0.9127234816551208, 3
3961, 19, 0.9997084736824036, 19
3962, 25, 0.9165388345718384, 25
3964, 7, 0.6086357235908508, 7
3967, 17, 0.7828750610351562, 17
3968, 14, 0.4270521402359009, 14
3969, 29, 0.999995231628418, 29
3970, 17, 0.6585707068443298, 17
3973, 4, 0.8796793222427368, 4
3974, 11, 0.6879909634590149, 11
3975, 10, 0.4715196490287781, 10
3976, 24, 0.9787635803222656, 24
3978, 27, 0.9999996423721313, 27
3979, 15, 0.4410056173801422, 15
3980, 14, 0.512124240398407, 14
3981, 12, 0.16748753190040588, 12
3984, 20, 0.3064054250717163, 20
3987, 17, 0.9781255125999451, 17
399, 29, 0.7733082175254822, 29
3991, 1, 0.706881582736969, 1
3992, 23, 0.9993274211883545, 23
3995, 2, 0.7688949108123779, 2
3999, 25, 0.49689316749572754, 25
400, 13, 0.9728018045425415, 13
4000, 12, 0.9819790124893188, 12
4005, 22, 0.31597286462783813, 22
4007, 13, 0.9999476671218872, 13
4011, 14, 0.9215670228004456, 14
4012, 20, 0.9455050826072693, 20
4013, 8, 0.6921725273132324, 8
4015, 22, 0.9973005652427673, 22
4017, 17, 0.9819439649581909, 17
4020, 11, 0.9999833106994629, 11
4024, 21, 0.38473546504974365, 21
4027, 3, 0.9714806079864502, 3
4028, 26, 0.9992483258247375, 26
4029, 16, 0.6926204562187195, 16
403, 25, 0.9582955837249756, 25
4030, 29, 0.7714625597000122, 29
4032, 26, 0.9982215762138367, 26
4033, 20, 0.9186372756958008, 20
4035, 5, 0.3553676903247833, 5
4037, 10, 0.657472550868988, 10
4039, 9, 0.822239100933075, 9
4041, 20, 0.8995941877365112, 20
4044, 27, 0.7431554794311523, 27
4045, 19, 0.9997267127037048, 19
4047, 6, 0.5375605225563049, 6
4049, 2, 0.9975430965423584, 2
4052, 2, 0.9977731108665466, 2
4053, 3, 0.7722925543785095, 3
4054, 9, 0.9867751598358154, 9
4056, 6, 0.5913382768630981, 6
4058, 16, 0.4843452572822571, 16
4062, 23, 0.3429158926010132, 23
4063, 19, 0.7968823313713074, 19
4064, 29, 0.9787313938140869, 29
4065, 8, 0.9993759989738464, 8
4066, 25, 0.5410401821136475, 25
4068, 26, 0.8870173096656799, 26
407, 2, 0.8851974606513977, 2
4070, 17, 0.4511284828186035, 17
4071, 19, 0.9996347427368164, 19
4072, 27, 1.0, 27
4074, 25, 0.9996775388717651, 25
4075, 26, 0.9993162155151367, 26
4076, 28, 0.4364686608314514, 28
4077, 10, 0.35771358013153076, 10
4079, 22, 0.7359918355941772, 22
4080, 11, 0.8771064281463623, 11
4081, 8, 0.9876523017883301, 8
4082, 15, 0.4743797481060028, 15
4085, 11, 0.5545658469200134, 11
4087, 2, 0.40613770484924316, 2
4088, 15, 0.7491937279701233, 15
4089, 19, 0.8318348526954651, 19
409, 17, 0.9999438524246216, 17
4091, 29, 0.9995107650756836, 29
4095, 26, 0.948566198348999, 26
4096, 12, 0.7866528630256653, 12
4099, 16, 0.8420454263687134, 16
41, 26, 0.9999954700469971, 26
410, 11, 0.8114809393882751, 11
4100, 13, 0.9999998807907104, 13
4102, 12, 0.7227789759635925, 12
4103, 22, 0.7536511421203613, 22
4104, 22, 0.31076502799987793, 22
4107, 14, 0.9962016940116882, 14
4108, 22, 0.9996939897537231, 22
4109, 2, 0.34384220838546753, 2
411, 19, 0.7013620734214783, 19
4110, 26, 0.3375226557254791, 26
4111, 7, 0.8425213694572449, 7
4112, 25, 0.5569993257522583, 25
4114, 16, 0.458034873008728, 16
4115, 1, 0.31691035628318787, 1
4117, 16, 0.9413796067237854, 16
4118, 29, 0.6832364201545715, 29
4121, 9, 0.9994580149650574, 9
4122, 5, 0.6968798041343689, 5
4124, 11, 0.3917454779148102, 11
4126, 29, 0.9844731688499451, 29
4127, 6, 0.9446263909339905, 6
4128, 2, 0.9857845902442932, 2
4129, 5, 0.3387548625469208, 5
413, 12, 0.9834282994270325, 12
4132, 17, 0.8213831782341003, 17
4135, 29, 0.9979745745658875, 29
4137, 29, 0.7011057138442993, 29
4138, 27, 0.9894269704818726, 27
4139, 20, 0.8056663870811462, 20
4142, 6, 0.8511122465133667, 6
4143, 13, 0.9994341731071472, 13
4148, 24, 0.48900306224823, 24
4149, 10, 0.7782769203186035, 10
415, 16, 0.9836784601211548, 16
4150, 27, 0.9999974966049194, 27
4154, 19, 0.7435835003852844, 19
4158, 14, 0.9999290704727173, 14
4159, 25, 0.8108726143836975, 25
4162, 23, 0.8881140947341919, 23
4167, 25, 0.5833516716957092, 25
4173, 21, 0.7767573595046997, 21
4177, 2, 0.8680810332298279, 2
4178, 23, 0.9704409241676331, 23
418, 5, 0.805447518825531, 5
4181, 1, 0.5062993764877319, 1
4182, 23, 0.9623956084251404, 23
4183, 8, 0.3480832278728485, 8
4184, 29, 0.9730964303016663, 29
4185, 14, 0.5105065107345581, 14
4189, 4, 0.6215326189994812, 4
4194, 9, 0.6144185662269592, 9
4196, 19, 0.9876591563224792, 19
4197, 7, 0.5675076842308044, 7
420, 20, 0.4578842520713806, 20
4202, 3, 0.9986164569854736, 3
4203, 20, 0.28885453939437866, 20
4206, 24, 0.5175661444664001, 24
4212, 17, 0.9558179378509521, 17
4213, 20, 0.6591586470603943, 20
4214, 3, 0.5267649292945862, 3
4216, 26, 0.5424216389656067, 26
4217, 12, 0.989183783531189, 12
4225, 10, 0.6483212113380432, 10
4226, 13, 0.783153235912323, 13
4227, 28, 0.6624101400375366, 28
4229, 11, 0.9918335676193237, 11
423, 6, 0.5432529449462891, 6
4230, 10, 0.9956498742103577, 10
4231, 11, 0.9999411106109619, 11
4234, 9, 0.5058897137641907, 9
4235, 12, 0.998340368270874, 12
4238, 25, 0.8802703022956848, 25
4240, 19, 0.24746403098106384, 19
4241, 29, 0.8325318694114685, 29
4244, 14, 0.9758943319320679, 14
4245, 19, 0.9971266388893127, 19
4247, 19, 0.911068856716156, 19
425, 29, 0.9993864297866821, 29
4252, 2, 0.9980552196502686, 2
4254, 3, 0.32546859979629517, 3
4257, 25, 0.9734469652175903, 25
4260, 21, 0.6360509395599365, 21
4261, 26, 0.9723356366157532, 26
4262, 2, 0.9979984164237976, 2
4263, 4, 0.9414128661155701, 4
4264, 16, 0.9889112710952759, 16
4269, 6, 0.5065485239028931, 6
4273, 5, 0.969241738319397, 5
4275, 18, 0.37584513425827026, 18
4279, 9, 0.9906978011131287, 9
428, 22, 0.6011784672737122, 22
4283, 29, 0.41673967242240906, 29
4285, 26, 0.976789653301239, 26
4286, 24, 0.44141215085983276, 24
4287, 14, 0.4718170464038849, 14
4289, 24, 0.4864436686038971, 24
429, 16, 0.6351059675216675, 16
4291, 10, 0.998150110244751, 10
4292, 28, 0.9537010788917542, 28
4297, 27, 1.0, 27
4298, 2, 0.9353255033493042, 2
4300, 8, 0.6596733331680298, 8
4301, 1, 0.7016721367835999, 1
4308, 10, 0.7228338718414307, 10
4310, 1, 0.5638830661773682, 1
4311, 16, 0.4521787166595459, 16
4313, 2, 0.585834801197052, 2
4316, 1, 0.5079866647720337, 1
4318, 17, 0.8805792927742004, 17
4319, 4, 0.6329660415649414, 4
4320, 10, 0.9647960066795349, 10
4321, 22, 0.9934656023979187, 22
4323, 11, 0.9973759651184082, 11
4325, 3, 0.7165500521659851, 3
4327, 8, 0.6733588576316833, 8
4332, 13, 0.9992260932922363, 13
4334, 4, 0.9456807374954224, 4
4336, 16, 0.6317943930625916, 16
4337, 12, 0.6047862768173218, 12
4340, 9, 0.4985148310661316, 9
4345, 21, 0.7037637829780579, 21
4347, 11, 0.9999384880065918, 11
4348, 1, 0.8610441088676453, 1
4349, 24, 0.7095078229904175, 24
4350, 15, 0.9785227179527283, 15
4352, 25, 0.9116858243942261, 25
4355, 7, 0.7766886353492737, 7
4356, 23, 0.2967517375946045, 23
4357, 2, 0.5010578632354736, 2
4358, 29, 0.9809594750404358, 29
4359, 12, 0.7860268354415894, 12
4361, 26, 0.9998458623886108, 26
4362, 1, 0.37194764614105225, 1
4363, 21, 0.38337522745132446, 21
4365, 26, 0.404496431350708, 26
4369, 14, 0.5742402076721191, 14
437, 5, 0.9898245930671692, 5
4372, 29, 0.9697964191436768, 29
4374, 19, 0.9913705587387085, 19
4375, 12, 0.3502858877182007, 12
438, 23, 0.9390743970870972, 23
4383, 6, 0.6635681986808777, 6
4385, 9, 0.9534710645675659, 9
4386, 26, 0.9891282916069031, 26
439, 23, 0.9603769183158875, 23
4391, 12, 0.42005833983421326, 12
4392, 19, 0.3718601167201996, 19
4394, 23, 0.9521510601043701, 23
4395, 20, 0.6628807783126831, 20
4396, 25, 0.8691207766532898, 25
4398, 3, 0.9150671362876892, 3
4399, 2, 0.996340811252594, 2
440, 21, 0.4183729290962219, 21
4401, 11, 0.9140116572380066, 11
4403, 29, 0.9962943196296692, 29
4405, 29, 0.9861007332801819, 29
4406, 16, 0.43280118703842163, 16
4407, 18, 0.5029945373535156, 18
441, 20, 0.9280704855918884, 20
4412, 5, 0.6294788122177124, 5
4413, 28, 0.7293498516082764, 28
4414, 1, 0.6134399771690369, 1
4415, 11, 0.5193672776222229, 11
4416, 10, 0.9869950413703918, 10
4418, 17, 0.9751523733139038, 17
4429, 6, 0.6299484968185425, 6
4431, 12, 0.8591439723968506, 12
4432, 27, 0.8902626037597656, 27
4433, 19, 0.44546082615852356, 19
4434, 2, 0.39041683077812195, 2
4435, 2, 0.42620933055877686, 2
4437, 26, 0.9990110397338867, 26
4438, 24, 0.7139500975608826, 24
4441, 26, 0.640743613243103, 26
4448, 24, 0.31403279304504395, 24
445, 14, 0.4111645519733429, 14
4451, 29, 0.9986674785614014, 29
4452, 17, 0.3614385724067688, 17
4453, 25, 0.7340101599693298, 25
4456, 17, 0.9795665144920349, 17
4457, 17, 0.6013617515563965, 17
4458, 3, 0.8211264610290527, 3
4459, 19, 0.9948720335960388, 19
4469, 14, 0.758602499961853, 14
447, 12, 0.6314535737037659, 12
4473, 20, 0.3829306662082672, 20
4476, 23, 0.4806596636772156, 23
4477, 16, 0.7122530937194824, 16
4478, 27, 0.4743514358997345, 27
4481, 29, 0.593463122844696, 29
4484, 2, 0.48336148262023926, 2
4485, 3, 0.8762310147285461, 3
4487, 13, 0.7548167109489441, 13
4489, 7, 0.339923232793808, 7
4494, 15, 0.299427330493927, 15
4498, 1, 0.4010712802410126, 1
45, 22, 0.4546304941177368, 22
4502, 25, 0.5217822790145874, 25
4506, 7, 0.6593636870384216, 7
4508, 5, 0.5780031681060791, 5
451, 18, 0.5962613821029663, 18
4513, 25, 0.8036406636238098, 25
4515, 2, 0.5964174866676331, 2
4516, 6, 0.9690913558006287, 6
4518, 29, 0.9975027441978455, 29
4519, 2, 0.6831581592559814, 2
4521, 11, 0.983877420425415, 11
4524, 29, 0.7863596081733704, 29
4526, 12, 0.975597620010376, 12
4527, 14, 0.7282028794288635, 14
453, 11, 0.999996542930603, 11
4533, 13, 0.971916675567627, 13
4534, 12, 0.9609313607215881, 12
4535, 19, 0.9915274977684021, 19
4538, 29, 0.6771639585494995, 29
4539, 19, 0.5675574541091919, 19
4543, 8, 0.9973917007446289, 8
4544, 29, 0.5417145490646362, 29
4548, 1, 0.46014565229415894, 1
4549, 27, 0.796888530254364, 27
4550, 26, 0.7654833793640137, 26
4551, 16, 0.9623985886573792, 16
4552, 27, 0.9758721590042114, 27
4554, 17, 0.9515606164932251, 17
4555, 19, 0.9955129027366638, 19
4556, 29, 0.7079986929893494, 29
4564, 16, 0.9134926199913025, 16
4565, 20, 0.7876607179641724, 20
4566, 22, 0.9976697564125061, 22
4567, 2, 0.7364122271537781, 2
4569, 5, 0.6979210376739502, 5
457, 14, 0.6709616184234619, 14
4570, 13, 0.9946022629737854, 13
4571, 1, 0.4202083349227905, 1
4572, 27, 0.4106752574443817, 27
4575, 7, 0.7524999976158142, 7
4579, 25, 0.6337274312973022, 25
4583, 4, 0.8096945285797119, 4
4584, 13, 0.9995959401130676, 13
4586, 20, 0.5032080411911011, 20
4587, 29, 0.9834139943122864, 29
459, 25, 0.3779807984828949, 25
4593, 10, 0.9972718358039856, 10
4594, 25, 0.38849449157714844, 25
4597, 6, 0.750655472278595, 6
4599, 19, 0.7220549583435059, 19
46, 11, 0.4698948562145233, 11
4602, 26, 0.7095246911048889, 26
4603, 1, 0.5836044549942017, 1
4605, 13, 0.900096595287323, 13
4608, 13, 0.9829044938087463, 13
4609, 25, 0.3581486642360687, 25
4612, 26, 0.6367489099502563, 26
4613, 24, 0.8043314218521118, 24
4619, 16, 0.9784104228019714, 16
462, 2, 0.9901272058486938, 2
4621, 13, 0.8014807105064392, 13
4623, 11, 0.5208873748779297, 11
4624, 5, 0.4536561667919159, 5
4627, 21, 0.8826578259468079, 21
4629, 22, 0.4751976430416107, 22
463, 1, 0.664418637752533, 1
4630, 10, 0.5359322428703308, 10
4631, 2, 0.7650690078735352, 2
4632, 12, 0.6624113917350769, 12
4633, 20, 0.9789000749588013, 20
4635, 20, 0.7224456071853638, 20
464, 14, 0.9781743288040161, 14
4640, 5, 0.3776896595954895, 5
4641, 9, 0.5607067942619324, 9
4645, 26, 0.9775522947311401, 26
4646, 15, 0.5020078420639038, 15
4647, 12, 0.5143265724182129, 12
4649, 19, 0.8884684443473816, 19
465, 2, 0.999994158744812, 2
4650, 21, 0.41516247391700745, 21
4651, 10, 0.8824017643928528, 10
4654, 12, 0.373015820980072, 12
4655, 7, 0.6659645438194275, 7
4658, 8, 0.6992168426513672, 8
4659, 20, 0.22722497582435608, 20
4661, 26, 0.9315395951271057, 26
4662, 3, 0.9341707825660706, 3
4667, 27, 0.9992227554321289, 27
4668, 29, 0.9675843715667725, 29
4669, 25, 0.48858842253685, 25
467, 2, 0.4217710494995117, 2
4673, 23, 0.42817673087120056, 23
4674, 29, 0.9919518232345581, 29
4675, 10, 0.6026180386543274, 10
468, 19, 0.993780791759491, 19
4680, 24, 0.9170540571212769, 24
4681, 25, 0.9782901406288147, 25
4682, 22, 0.999903678894043, 22
4687, 21, 0.39616695046424866, 21
4692, 13, 0.9971669316291809, 13
4695, 25, 0.6250782608985901, 25
470, 29, 0.9977589845657349, 29
4700, 9, 0.5726433396339417, 9
4701, 19, 0.6270493865013123, 19
4702, 29, 0.9999935626983643, 29
4705, 1, 0.25643104314804077, 1
4706, 1, 0.928350031375885, 1
4708, 16, 0.9865342378616333, 16
4714, 25, 0.5455645322799683, 25
4715, 2, 0.8408718109130859, 2
4719, 19, 0.4820167124271393, 19
472, 11, 0.6276694536209106, 11
4723, 29, 0.9991617202758789, 29
4725, 26, 0.6657067537307739, 26
4728, 10, 0.427817165851593, 10
4729, 25, 0.9772164821624756, 25
473, 12, 0.9331434965133667, 12
4730, 22, 0.6236344575881958, 22
4733, 26, 0.7774863839149475, 26
4735, 15, 0.35312026739120483, 15
4737, 16, 0.9570686221122742, 16
4738, 9, 0.6471464037895203, 9
4739, 29, 0.6225768327713013, 29
4740, 4, 0.9808177947998047, 4
4741, 13, 0.9999957084655762, 13
4742, 13, 0.8201542496681213, 13
4744, 29, 0.6378315091133118, 29
4747, 26, 0.33452221751213074, 26
4750, 7, 0.3276888430118561, 7
4752, 2, 0.5412173271179199, 2
4756, 8, 0.9889101982116699, 8
4758, 20, 0.7733632922172546, 20
4761, 17, 0.9645273089408875, 17
4762, 2, 0.9705195426940918, 2
4767, 21, 0.6930524706840515, 21
4769, 14, 0.22286561131477356, 14
4770, 6, 0.99649578332901, 6
4771, 17, 0.7745924592018127, 17
4772, 7, 0.6876487731933594, 7
4773, 8, 0.4985237419605255, 8
4774, 27, 0.9984851479530334, 27
4775, 19, 0.8605088591575623, 19
4777, 29, 0.7044322490692139, 29
4778, 1, 0.9877080917358398, 1
4779, 22, 0.5586733222007751, 22
478, 17, 0.9999182224273682, 17
4780, 10, 0.9849280118942261, 10
4781, 18, 0.3742232620716095, 18
4782, 29, 0.5311439037322998, 29
4784, 12, 0.9631444811820984, 12
4787, 8, 0.7350805401802063, 8
4788, 17, 0.9129542708396912, 17
4789, 25, 0.9100964069366455, 25
4791, 26, 0.6023092865943909, 26
4792, 11, 0.9876852035522461, 11
4794, 13, 0.9494206309318542, 13
4795, 19, 0.6020023822784424, 19
4796, 25, 0.9911280870437622, 25
4802, 13, 0.9996414184570312, 13
4803, 11, 0.5487127304077148, 11
4805, 27, 0.9999967813491821, 27
4807, 23, 0.9999991655349731, 23
4811, 11, 0.9772132635116577, 11
4812, 26, 0.5077240467071533, 26
4817, 19, 0.8204784989356995, 19
4819, 1, 0.4395686984062195, 1
4820, 7, 0.7811185717582703, 7
4821, 27, 0.40034276247024536, 27
4824, 4, 0.5452464818954468, 4
4825, 21, 0.5519811511039734, 21
4826, 14, 0.9999023675918579, 14
4828, 6, 0.6066901683807373, 6
4829, 29, 0.3461580276489258, 29
483, 18, 0.38244518637657166, 18
4830, 14, 0.9847251772880554, 14
4833, 27, 0.9999982118606567, 27
4837, 5, 0.39785367250442505, 5
4838, 12, 0.6585335731506348, 12
484, 3, 0.4700144827365875, 3
4840, 19, 0.6372444033622742, 19
4842, 5, 0.36679062247276306, 5
4843, 21, 0.5623708963394165, 21
4844, 11, 0.996256947517395, 11
4845, 2, 0.6272307634353638, 2
4847, 26, 0.8718155026435852, 26
4851, 22, 0.9941924214363098, 22
4852, 27, 0.9999998807907104, 27
4854, 26, 0.9776818156242371, 26
486, 5, 0.5394251942634583, 5
4861, 20, 0.6375170946121216, 20
4863, 2, 0.9856641292572021, 2
4865, 25, 0.9888504147529602, 25
4866, 29, 0.9784915447235107, 29
4867, 17, 0.9416003227233887, 17
4868, 10, 0.9734159111976624, 10
487, 27, 0.9683349132537842, 27
4870, 28, 0.7442968487739563, 28
4871, 17, 0.49065494537353516, 17
4874, 19, 0.9843569397926331, 19
4877, 29, 0.2545187175273895, 29
488, 3, 0.5554090142250061, 3
4880, 27, 0.9605776071548462, 27
4881, 19, 0.9674623608589172, 19
4882, 22, 0.7982529401779175, 22
4884, 14, 0.9531846046447754, 14
4885, 13, 0.999190628528595, 13
4886, 3, 0.5979461669921875, 3
489, 13, 0.813908576965332, 13
4890, 13, 0.9997079968452454, 13
4891, 21, 0.930813729763031, 21
4893, 16, 0.9022456407546997, 16
4898, 11, 0.5568235516548157, 11
4899, 23, 0.45079243183135986, 23
4905, 11, 0.9999992847442627, 11
4907, 9, 0.3592642545700073, 9
4908, 9, 0.9003399014472961, 9
491, 23, 0.67349773645401, 23
4913, 23, 0.840339720249176, 23
4914, 25, 0.9226852059364319, 25
4916, 26, 0.9958856701850891, 26
4919, 2, 0.6306725144386292, 2
492, 19, 0.8384379744529724, 19
4920, 13, 0.882356584072113, 13
4921, 7, 0.9311811923980713, 7
4922, 12, 0.7196511626243591, 12
4924, 4, 0.9972583055496216, 4
4927, 12, 0.5065351128578186, 12
4928, 17, 0.9898249506950378, 17
4929, 22, 0.6376861333847046, 22
493, 22, 0.5844385623931885, 22
4930, 23, 0.32208237051963806, 23
4935, 6, 0.5456068515777588, 6
4939, 20, 0.38516518473625183, 20
494, 2, 0.66306072473526, 2
4940, 29, 0.5427107810974121, 29
4942, 14, 0.8621202111244202, 14
4946, 17, 0.8964518308639526, 17
4949, 19, 0.9651095867156982, 19
4951, 29, 0.9999967813491821, 29
4952, 2, 0.9706146717071533, 2
4958, 25, 0.44311609864234924, 25
496, 11, 0.2920905351638794, 11
4960, 29, 0.9975261092185974, 29
4961, 1, 0.7760562300682068, 1
4963, 3, 0.775861382484436, 3
4965, 19, 0.21401681005954742, 19
4967, 25, 0.32090112566947937, 25
4969, 11, 0.8483132719993591, 11
4971, 26, 0.997722327709198, 26
4972, 25, 0.6082777976989746, 25
4973, 20, 0.7675461173057556, 20
4976, 26, 0.9978277087211609, 26
4978, 24, 0.4153755009174347, 24
4979, 26, 0.5525765419006348, 26
4981, 11, 0.8052890300750732, 11
4982, 19, 0.8537768125534058, 19
4983, 15, 0.8676376342773438, 15
4985, 16, 0.9637536406517029, 16
4988, 12, 0.4757345914840698, 12
4989, 17, 0.5551989078521729, 17
499, 17, 0.8997917175292969, 17
4991, 22, 0.9338910579681396, 22
4997, 24, 0.9932413101196289, 24
4998, 1, 0.9326543807983398, 1
4999, 9, 0.8085564374923706, 9
50, 26, 0.8065797686576843, 26
500, 7, 0.3728711009025574, 7
5001, 11, 0.9998641014099121, 11
5003, 2, 0.9963821172714233, 2
5004, 19, 0.7416104078292847, 19
5006, 27, 0.6426531672477722, 27
501, 17, 0.8975157141685486, 17
5012, 26, 0.6429426074028015, 26
5013, 19, 0.9972096085548401, 19
5014, 5, 0.8473702669143677, 5
5017, 18, 0.6266221404075623, 18
5019, 10, 0.9992596507072449, 10
502, 23, 0.5626768469810486, 23
5023, 1, 0.8875377178192139, 1
5024, 26, 0.8149056434631348, 26
5026, 5, 0.37555423378944397, 5
5027, 4, 0.9985179305076599, 4
5030, 14, 0.5355967879295349, 14
5031, 25, 0.4917770028114319, 25
5033, 6, 0.707853376865387, 6
5034, 15, 0.9974024891853333, 15
5035, 5, 0.9931051135063171, 5
5039, 21, 0.8381375670433044, 21
504, 23, 0.7980189919471741, 23
5043, 7, 0.633578896522522, 7
5044, 8, 0.9161016345024109, 8
5046, 11, 0.28713226318359375, 11
5049, 19, 0.6516168117523193, 19
5050, 29, 0.9993337988853455, 29
5053, 12, 0.2563927471637726, 12
5055, 3, 0.9565202593803406, 3
5057, 22, 0.9233141541481018, 22
5060, 25, 0.9956836700439453, 25
5062, 12, 0.6639395952224731, 12
5063, 2, 0.4664860665798187, 2
5065, 13, 0.4845479726791382, 13
5067, 28, 0.6553530097007751, 28
5068, 10, 0.998051643371582, 10
5070, 17, 0.668406069278717, 17
5072, 25, 0.2420266568660736, 25
5073, 16, 0.26331669092178345, 16
5082, 27, 0.9999992847442627, 27
5083, 7, 0.8392183780670166, 7
5084, 5, 0.6827318668365479, 5
5085, 14, 0.9998910427093506, 14
5086, 18, 0.68680739402771, 18
5088, 8, 0.5330759286880493, 8
5089, 29, 0.9918723702430725, 29
509, 26, 0.9916685819625854, 26
5090, 21, 0.6885732412338257, 21
5091, 29, 0.9999020099639893, 29
5093, 24, 0.5144398808479309, 24
5097, 19, 0.9949777722358704, 19
51, 1, 0.4173017740249634, 1
510, 11, 0.7825590372085571, 11
5100, 2, 0.6331807374954224, 2
5101, 29, 0.669417142868042, 29
5102, 21, 0.9666035771369934, 21
5103, 12, 0.49272188544273376, 12
5107, 6, 0.43261194229125977, 6
5108, 22, 0.5801274180412292, 22
5109, 28, 0.7669575810432434, 28
5111, 23, 0.699505627155304, 23
5115, 1, 0.1956896334886551, 1
5117, 5, 0.17679893970489502, 5
5118, 21, 0.8337169885635376, 21
5119, 19, 0.3303872346878052, 19
5121, 9, 0.4337483048439026, 9
5122, 14, 0.37550169229507446, 14
5124, 13, 0.9999986886978149, 13
5126, 25, 0.4883846342563629, 25
513, 11, 0.4075474143028259, 11
5130, 5, 0.4631465673446655, 5
5131, 9, 0.746854841709137, 9
5132, 22, 0.7373464107513428, 22
5135, 26, 0.9999250173568726, 26
5136, 25, 0.3303692936897278, 25
5140, 27, 0.9895010590553284, 27
5142, 22, 0.9131117463111877, 22
5143, 17, 0.6952281594276428, 17
5144, 17, 0.3361799120903015, 17
5149, 22, 0.9559140801429749, 22
515, 21, 0.4775170087814331, 21
5150, 13, 0.9999978542327881, 13
5151, 11, 0.6795983910560608, 11
5153, 10, 0.8629350662231445, 10
5155, 19, 0.7911735773086548, 19
5160, 20, 0.5403965711593628, 20
5163, 5, 0.6835455298423767, 5
5165, 15, 0.9918712377548218, 15
5166, 12, 0.42413920164108276, 12
5167, 19, 0.8115012645721436, 19
5169, 21, 0.9493385553359985, 21
5170, 16, 0.9829121828079224, 16
5171, 27, 0.971028208732605, 27
5172, 5, 0.8009530305862427, 5
5173, 9, 0.9895431995391846, 9
5176, 8, 0.5388659238815308, 8
5177, 11, 0.8726964592933655, 11
5178, 7, 0.7151736617088318, 7
518, 23, 0.7766952514648438, 23
5181, 11, 0.984836995601654, 11
5182, 23, 0.7561454176902771, 23
5186, 25, 0.9985828399658203, 25
5189, 26, 0.8119952082633972, 26
519, 29, 0.7909830808639526, 29
5190, 7, 0.847904622554779, 7
5191, 25, 0.5191431045532227, 25
5192, 25, 0.2554483115673065, 25
5195, 29, 0.9512894153594971, 29
5197, 28, 0.7698395252227783, 28
5199, 7, 0.7418758869171143, 7
52, 9, 0.9917045831680298, 9
520, 20, 0.7569398283958435, 20
5200, 5, 0.8515920042991638, 5
5201, 13, 0.9998828172683716, 13
5203, 18, 0.8223958015441895, 18
5204, 25, 0.598731517791748, 25
5205, 14, 0.2912343740463257, 14
5207, 13, 0.999984622001648, 13
5208, 22, 0.764072060585022, 22
5209, 7, 0.4215508997440338, 7
5211, 29, 0.9999974966049194, 29
5215, 2, 0.9992953538894653, 2
5216, 2, 0.5874145030975342, 2
5218, 21, 0.5271145701408386, 21
5219, 1, 0.46415436267852783, 1
522, 19, 0.9420982003211975, 19
5224, 29, 0.6322646737098694, 29
5225, 3, 0.6892457604408264, 3
5228, 18, 0.3393133282661438, 18
5231, 23, 0.9885862469673157, 23
5234, 20, 0.528367817401886, 20
5237, 22, 0.9896055459976196, 22
5238, 2, 0.33761849999427795, 2
524, 27, 0.1716560423374176, 27
5240, 2, 0.7248542308807373, 2
5242, 19, 0.3470516502857208, 19
5249, 25, 0.4947822690010071, 25
525, 25, 0.750628650188446, 25
5250, 11, 0.6167584657669067, 11
5251, 16, 0.8679926991462708, 16
5252, 3, 0.9438546299934387, 3
5253, 17, 0.532034158706665, 17
5259, 11, 0.5577070116996765, 11
526, 20, 0.6200990676879883, 20
5260, 19, 0.8812056183815002, 19
5261, 14, 0.6363017559051514, 14
5262, 20, 0.17857806384563446, 20
5266, 19, 0.5745126605033875, 19
5268, 8, 0.999480664730072, 8
527, 26, 0.9133611917495728, 26
5271, 12, 0.9927178621292114, 12
5273, 21, 0.9498772025108337, 21
5274, 29, 0.9725125432014465, 29
5276, 8, 0.9980683922767639, 8
5278, 2, 0.6204326152801514, 2
5279, 5, 0.9896345734596252, 5
5281, 17, 0.9890273809432983, 17
5282, 11, 0.7555209398269653, 11
5283, 7, 0.7800143361091614, 7
5284, 24, 0.9798830151557922, 24
5287, 29, 0.9659439325332642, 29
5289, 27, 1.0, 27
5299, 22, 0.7276431918144226, 22
53, 20, 0.8847631216049194, 20
5300, 2, 0.9695724248886108, 2
5301, 25, 0.9658582210540771, 25
5306, 5, 0.45857369899749756, 5
5309, 26, 0.8870401382446289, 26
5311, 19, 0.9981062412261963, 19
5312, 23, 0.8744811415672302, 23
5313, 29, 0.9838905930519104, 29
5316, 8, 0.7574676275253296, 8
5317, 8, 0.30626171827316284, 8
5320, 26, 0.3972027003765106, 26
5321, 17, 0.8107941746711731, 17
5322, 29, 0.712579071521759, 29
5323, 11, 0.9084588289260864, 11
5324, 4, 0.4072340726852417, 4
5326, 24, 0.3593861758708954, 24
5327, 29, 0.4724685847759247, 29
5329, 5, 0.5026453137397766, 5
533, 13, 0.9999916553497314, 13
5336, 5, 0.6158274412155151, 5
5337, 17, 0.9501045346260071, 17
5338, 20, 0.9453685879707336, 20
5339, 22, 0.9904772043228149, 22
534, 29, 0.8793174028396606, 29
5340, 14, 0.682589054107666, 14
5341, 18, 0.9829696416854858, 18
5344, 5, 0.5003981590270996, 5
5345, 19, 0.957862377166748, 19
5347, 20, 0.9785899519920349, 20
5349, 4, 0.8433047533035278, 4
5352, 2, 0.8861650824546814, 2
5357, 12, 0.4275595545768738, 12
5358, 7, 0.8609457612037659, 7
536, 26, 0.9763643145561218, 26
5360, 13, 0.5350417494773865, 13
5363, 26, 0.8851878046989441, 26
5364, 16, 0.32354772090911865, 16
5368, 4, 0.28824543952941895, 4
537, 12, 0.9907225370407104, 12
5373, 29, 0.9296775460243225, 29
5375, 8, 0.6878950595855713, 8
5376, 14, 0.862209141254425, 14
5379, 28, 0.9269813299179077, 28
5380, 19, 0.3563458025455475, 19
5385, 9, 0.9999951124191284, 9
5386, 13, 0.9993526339530945, 13
539, 8, 0.6393159031867981, 8
5393, 11, 0.49035191535949707, 11
5394, 22, 0.5882067084312439, 22
5395, 13, 0.999954342842102, 13
54, 29, 0.998537540435791, 29
540, 19, 0.3591908812522888, 19
5400, 17, 0.8030712008476257, 17
5401, 24, 0.9465895891189575, 24
5402, 22, 0.5014942288398743, 22
5404, 2, 0.890034019947052, 2
5405, 4, 0.8861596584320068, 4
5406, 5, 0.5182551741600037, 5
5407, 11, 0.9831910729408264, 11
5408, 25, 0.8961526155471802, 25
5409, 29, 0.6829110383987427, 29
541, 5, 0.30625975131988525, 5
5410, 21, 0.8347705006599426, 21
5411, 22, 0.28193795680999756, 22
5412, 2, 0.9070299863815308, 2
5413, 29, 0.9980931878089905, 29
5415, 25, 0.703553318977356, 25
5416, 15, 0.9977529644966125, 15
5417, 5, 0.5172569155693054, 5
5418, 22, 0.3954954147338867, 22
542, 25, 0.8568611145019531, 25
5420, 19, 0.9999808073043823, 19
5421, 29, 0.6142640113830566, 29
5426, 11, 0.7436357140541077, 11
5427, 25, 0.5335825681686401, 25
543, 2, 0.9995951056480408, 2
5430, 25, 0.942107081413269, 25
5433, 13, 0.9988662004470825, 13
5436, 3, 0.875690221786499, 3
5438, 29, 0.7247881293296814, 29
5439, 29, 0.9937888979911804, 29
5440, 11, 0.3742450177669525, 11
5441, 2, 0.27518895268440247, 2
5444, 22, 0.8288202881813049, 22
5449, 26, 0.8276224136352539, 26
5450, 15, 0.4800841212272644, 15
5451, 13, 0.489703893661499, 13
5453, 8, 0.6238723397254944, 8
5454, 17, 0.7160881757736206, 17
5455, 16, 0.6938697099685669, 16
5456, 27, 0.9998250603675842, 27
5457, 20, 0.9011715650558472, 20
5458, 26, 0.9816862344741821, 26
5459, 11, 0.9998815059661865, 11
5461, 23, 0.9917998909950256, 23
5462, 9, 0.8543983697891235, 9
5463, 19, 0.4070540964603424, 19
5464, 27, 0.9986686706542969, 27
5466, 22, 0.3011239171028137, 22
5467, 10, 0.5735947489738464, 10
5468, 25, 0.5973694920539856, 25
5469, 25, 0.9639087915420532, 25
5470, 25, 0.581680417060852, 25
5472, 5, 0.5888148546218872, 5
5473, 17, 0.9689338803291321, 17
5475, 14, 0.9683046340942383, 14
5476, 21, 0.3338826894760132, 21
5479, 19, 0.7750014066696167, 19
5481, 24, 0.9693809747695923, 24
5483, 10, 0.8406334519386292, 10
5484, 27, 0.9999954700469971, 27
5487, 25, 0.6149636507034302, 25
5489, 6, 0.6542142629623413, 6
5491, 27, 0.9895379543304443, 27
5492, 26, 0.9767516851425171, 26
5493, 3, 0.8953911662101746, 3
5494, 17, 0.9972840547561646, 17
5495, 1, 0.43036574125289917, 1
5496, 2, 0.7590788006782532, 2
5497, 5, 0.3705260455608368, 5
5499, 6, 0.7445597052574158, 6
550, 25, 0.5597840547561646, 25
5500, 15, 0.8787662982940674, 15
5501, 18, 0.4176255166530609, 18
5502, 20, 0.9852315187454224, 20
5503, 10, 0.8184133172035217, 10
5505, 4, 0.5203871726989746, 4
5506, 29, 0.9748066663742065, 29
5507, 19, 0.20965754985809326, 19
5509, 8, 0.961506187915802, 8
5513, 22, 0.9999264478683472, 22
5514, 5, 0.9418343901634216, 5
5515, 28, 0.9985265731811523, 28
5517, 19, 0.22161689400672913, 19
5518, 9, 0.9018824696540833, 9
5519, 29, 0.6361172795295715, 29
5521, 29, 0.9992079138755798, 29
5522, 4, 0.717366099357605, 4
5524, 1, 0.26440176367759705, 1
5525, 12, 0.9737141728401184, 12
5526, 24, 0.6462379693984985, 24
5527, 5, 0.30068814754486084, 5
5531, 29, 0.8594854474067688, 29
5533, 14, 0.746312141418457, 14
5535, 16, 0.9664955139160156, 16
5537, 21, 0.34927207231521606, 21
554, 6, 0.4822648763656616, 6
5541, 11, 0.36131635308265686, 11
5543, 23, 0.5327545404434204, 23
555, 2, 0.45021501183509827, 2
5550, 20, 0.9839426279067993, 20
5553, 19, 0.9999669790267944, 19
5554, 2, 0.6714680194854736, 2
5555, 19, 0.9998400211334229, 19
5557, 1, 0.3534988462924957, 1
5559, 16, 0.7069641947746277, 16
5560, 29, 0.9776256680488586, 29
5561, 10, 0.9752620458602905, 10
5562, 24, 0.9988322854042053, 24
5563, 12, 0.7642411589622498, 12
5564, 13, 0.9997772574424744, 13
5565, 27, 0.9999998807907104, 27
5566, 8, 0.9889877438545227, 8
5568, 6, 0.4192522466182709, 6
5569, 2, 0.38328301906585693, 2
557, 12, 0.3792547881603241, 12
5570, 22, 0.7190141677856445, 22
5571, 14, 0.9157354235649109, 14
5572, 12, 0.9016215801239014, 12
5573, 25, 0.426665723323822, 25
5574, 29, 0.9822931885719299, 29
5575, 29, 0.999997615814209, 29
5580, 26, 0.7920747399330139, 26
5581, 5, 0.8950320482254028, 5
5583, 23, 0.9025407433509827, 23
5584, 26, 0.5108235478401184, 26
5585, 29, 0.9883987307548523, 29
5586, 19, 0.6422196626663208, 19
5587, 23, 0.8497061729431152, 23
559, 25, 0.8092920184135437, 25
5590, 14, 0.908865749835968, 14
5591, 26, 0.9690815210342407, 26
5594, 8, 0.9929925203323364, 8
5596, 16, 0.8836612105369568, 16
5598, 25, 0.817804217338562, 25
5600, 18, 0.4397808611392975, 18
5602, 25, 0.8264482021331787, 25
5603, 26, 0.3560403287410736, 26
5604, 11, 0.9351920485496521, 11
5606, 19, 0.7267426252365112, 19
5607, 5, 0.6998880505561829, 5
5609, 14, 0.5968813300132751, 14
561, 13, 0.9971524477005005, 13
5611, 1, 0.8316527009010315, 1
5614, 15, 0.8731704354286194, 15
5615, 15, 0.955473780632019, 15
5616, 19, 0.7152114510536194, 19
5617, 4, 0.9949132204055786, 4
5618, 2, 0.9997219443321228, 2
5619, 18, 0.6814905405044556, 18
562, 24, 0.9672969579696655, 24
5622, 8, 0.522624671459198, 8
5623, 13, 0.9894717335700989, 13
5624, 5, 0.5392642021179199, 5
5626, 14, 0.9154518246650696, 14
5627, 16, 0.4224855899810791, 16
5629, 24, 0.8630365133285522, 24
5630, 20, 0.6051907539367676, 20
5631, 17, 0.7331017851829529, 17
5632, 27, 0.6872764229774475, 27
5633, 27, 0.9999305009841919, 27
5634, 29, 0.9906566143035889, 29
5636, 20, 0.9289497137069702, 20
5637, 29, 0.8943440914154053, 29
5640, 19, 0.6906105875968933, 19
5641, 19, 0.5238938927650452, 19
5643, 16, 0.6860890984535217, 16
5644, 19, 0.5298731327056885, 19
5648, 25, 0.8250276446342468, 25
565, 2, 0.8782766461372375, 2
5650, 22, 0.999920129776001, 22
5652, 26, 0.9152413606643677, 26
5654, 26, 0.9978035092353821, 26
5655, 17, 0.9520347118377686, 17
5657, 25, 0.6231055855751038, 25
5659, 11, 0.9999395608901978, 11
566, 8, 0.7305901646614075, 8
5661, 21, 0.6024512052536011, 21
5662, 11, 0.43414661288261414, 11
5663, 3, 0.9597904682159424, 3
5664, 25, 0.38964393734931946, 25
5665, 29, 0.8257222175598145, 29
5666, 14, 0.45196691155433655, 14
567, 28, 0.6328929662704468, 28
5674, 12, 0.5231754779815674, 12
5679, 15, 0.8922389149665833, 15
568, 13, 0.9621297121047974, 13
5681, 20, 0.5699582099914551, 20
5682, 5, 0.9746994972229004, 5
5684, 24, 0.6570582985877991, 24
5687, 13, 0.9112367033958435, 13
5689, 12, 0.6193177700042725, 12
5691, 26, 0.2245103120803833, 26
5696, 16, 0.3774139881134033, 16
5697, 23, 0.5601939558982849, 23
5699, 22, 0.9989044666290283, 22
570, 2, 0.7779279351234436, 2
5700, 17, 0.6914253830909729, 17
5702, 7, 0.21908937394618988, 7
5706, 11, 0.8674315810203552, 11
5707, 25, 0.9059129357337952, 25
5708, 13, 0.9999852180480957, 13
5711, 2, 0.9682719707489014, 2
5712, 11, 0.985849916934967, 11
5713, 16, 0.6997377872467041, 16
5714, 15, 0.9972877502441406, 15
5717, 25, 0.7539234161376953, 25
5719, 2, 0.9621382355690002, 2
572, 26, 0.637702465057373, 26
5720, 13, 0.9974064230918884, 13
5721, 14, 0.5950567722320557, 14
5722, 29, 0.4929676651954651, 29
5724, 14, 0.7602964639663696, 14
5725, 4, 0.7778969407081604, 4
5726, 11, 0.4231146275997162, 11
5727, 21, 0.7403433918952942, 21
573, 25, 0.7760298252105713, 25
5730, 12, 0.7338795065879822, 12
5731, 14, 0.999923586845398, 14
5733, 29, 0.7885310053825378, 29
5734, 15, 0.6247851848602295, 15
5735, 29, 0.7125596404075623, 29
5738, 14, 0.4893033504486084, 14
574, 29, 0.9956812858581543, 29
5741, 5, 0.9982507824897766, 5
5745, 14, 0.9456294775009155, 14
5746, 27, 0.4017679989337921, 27
5747, 11, 0.654411792755127, 11
5748, 11, 0.592299222946167, 11
5749, 9, 0.6352881193161011, 9
5750, 21, 0.4242156744003296, 21
5755, 2, 0.7114929556846619, 2
5757, 8, 0.9991196990013123, 8
5759, 19, 0.7081106901168823, 19
5760, 29, 0.9815168380737305, 29
5767, 23, 0.522077739238739, 23
5769, 2, 0.4615819752216339, 2
5771, 22, 0.5646751523017883, 22
5773, 1, 0.8637363314628601, 1
5777, 6, 0.33091169595718384, 6
5778, 5, 0.9978530406951904, 5
5781, 9, 0.47609028220176697, 9
5783, 17, 0.5202749967575073, 17
5788, 20, 0.9800134301185608, 20
5791, 2, 0.7294762134552002, 2
5794, 26, 0.8092204332351685, 26
5798, 28, 0.8786374926567078, 28
580, 21, 0.4705955684185028, 21
5800, 14, 0.9998868703842163, 14
5801, 5, 0.25468772649765015, 5
5803, 25, 0.7508742809295654, 25
5804, 5, 0.8610352873802185, 5
5808, 3, 0.71477872133255, 3
5809, 7, 0.5008072853088379, 7
5811, 11, 0.49798086285591125, 11
5813, 29, 0.9928454756736755, 29
5814, 25, 0.6191559433937073, 25
5816, 3, 0.49792805314064026, 3
5818, 19, 0.29912301898002625, 19
582, 27, 0.915157675743103, 27
5823, 26, 0.27987438440322876, 26
5824, 14, 0.8255719542503357, 14
5826, 20, 0.9309703707695007, 20
5828, 26, 0.7849655151367188, 26
5829, 22, 0.9947789907455444, 22
583, 12, 0.573371946811676, 12
5830, 17, 0.9959516525268555, 17
5831, 15, 0.47755521535873413, 15
5833, 2, 0.46386095881462097, 2
5841, 26, 0.7972233891487122, 26
5844, 24, 0.42792484164237976, 24
5845, 2, 0.8625463247299194, 2
5846, 27, 0.9603776931762695, 27
5848, 5, 0.9400696158409119, 5
585, 25, 0.3854186236858368, 25
5850, 21, 0.818774938583374, 21
5851, 25, 0.6127534508705139, 25
5854, 2, 0.7113485336303711, 2
5855, 27, 0.48368528485298157, 27
5857, 13, 0.9999994039535522, 13
5859, 22, 0.9640744924545288, 22
5861, 19, 0.7715195417404175, 19
5863, 22, 0.9853078126907349, 22
5866, 13, 0.9902393817901611, 13
5868, 29, 0.999984860420227, 29
5869, 11, 0.9870993494987488, 11
5870, 22, 0.9979212880134583, 22
5871, 12, 0.99642413854599, 12
5872, 14, 0.6573613882064819, 14
5875, 3, 0.3746807873249054, 3
5877, 11, 0.9874390959739685, 11
5879, 29, 0.9988521337509155, 29
5881, 6, 0.770541250705719, 6
5885, 12, 0.4162258207798004, 12
5886, 12, 0.44840437173843384, 12
5890, 11, 0.9945375323295593, 11
5891, 8, 0.6633621454238892, 8
5892, 21, 0.9254748821258545, 21
5893, 29, 0.997142493724823, 29
5897, 3, 0.9023562669754028, 3
5898, 16, 0.9010880589485168, 16
5899, 24, 0.9970778226852417, 24
590, 17, 0.2068941742181778, 17
5903, 25, 0.9188423752784729, 25
5904, 6, 0.6211410760879517, 6
591, 19, 0.9809170961380005, 19
5911, 17, 0.6113758087158203, 17
5912, 22, 0.9998668432235718, 22
5914, 11, 0.5787600874900818, 11
5915, 16, 0.8812373280525208, 16
5916, 3, 0.6483004689216614, 3
5917, 13, 0.7646965980529785, 13
5923, 14, 0.4298323094844818, 14
5925, 16, 0.5296732187271118, 16
5928, 23, 0.8761596083641052, 23
593, 14, 0.9762711524963379, 14
5931, 13, 0.998623251914978, 13
5932, 11, 0.8161721229553223, 11
5933, 11, 0.9099888801574707, 11
5935, 13, 0.9999643564224243, 13
5936, 6, 0.5555996894836426, 6
5937, 29, 0.9298398494720459, 29
5939, 14, 0.999982476234436, 14
594, 20, 0.5057393908500671, 20
5940, 29, 0.4880985915660858, 29
5942, 22, 0.8890088796615601, 22
5944, 26, 0.7468658685684204, 26
5946, 24, 0.9626413583755493, 24
5947, 2, 0.6525760293006897, 2
5950, 15, 0.9906119704246521, 15
5952, 1, 0.9974506497383118, 1
5953, 19, 0.7463940978050232, 19
5954, 25, 0.4973446726799011, 25
5956, 25, 0.5616034269332886, 25
5959, 27, 0.6715746521949768, 27
5961, 18, 0.42531850934028625, 18
5964, 19, 0.985696017742157, 19
5965, 18, 0.4146733582019806, 18
5966, 7, 0.8410052061080933, 7
5967, 25, 0.5096538066864014, 25
5969, 29, 0.6289363503456116, 29
5974, 22, 0.3205643892288208, 22
5977, 26, 0.8643748760223389, 26
598, 19, 0.5184946656227112, 19
5980, 29, 0.9988526105880737, 29
5985, 11, 0.9953616261482239, 11
5986, 26, 0.9999116659164429, 26
5988, 13, 0.999067485332489, 13
599, 2, 0.5150843262672424, 2
5991, 19, 0.5019016265869141, 19
5992, 25, 0.3322640359401703, 25
5993, 9, 0.9066394567489624, 9
5994, 5, 0.38528677821159363, 5
5995, 19, 0.943271815776825, 19
5997, 27, 0.9121149182319641, 27
5998, 21, 0.24163073301315308, 21
6, 29, 0.6104161143302917, 29
6000, 11, 0.4858626425266266, 11
605, 22, 0.7606189250946045, 22
609, 23, 0.7408877611160278, 23
612, 12, 0.6884411573410034, 12
613, 5, 0.9663432240486145, 5
614, 24, 0.9992119073867798, 24
616, 25, 0.8615891933441162, 25
617, 26, 0.5014608502388, 26
618, 11, 0.8533904552459717, 11
622, 17, 0.36294081807136536, 17
623, 26, 0.99946528673172, 26
625, 9, 0.9998685121536255, 9
626, 11, 0.9928954243659973, 11
627, 10, 0.3795034885406494, 10
629, 5, 0.7148208022117615, 5
63, 21, 0.9817724227905273, 21
630, 5, 0.6549839973449707, 5
631, 2, 0.9545618295669556, 2
634, 2, 0.8788954615592957, 2
636, 17, 0.7473586797714233, 17
637, 21, 0.5941022634506226, 21
64, 20, 0.5263640880584717, 20
640, 22, 0.45779988169670105, 22
641, 1, 0.47456106543540955, 1
645, 19, 0.5470896363258362, 19
647, 16, 0.42963576316833496, 16
650, 27, 0.9858739376068115, 27
654, 19, 0.9967710375785828, 19
656, 29, 0.9998328685760498, 29
658, 17, 0.9319851398468018, 17
659, 2, 0.4537855088710785, 2
660, 25, 0.6870338320732117, 25
661, 29, 0.40689975023269653, 29
662, 26, 0.6773751974105835, 26
663, 19, 0.44106540083885193, 19
665, 27, 0.5014243125915527, 27
667, 7, 0.686321496963501, 7
668, 3, 0.8484207987785339, 3
669, 11, 0.4696079194545746, 11
67, 1, 0.8168625831604004, 1
670, 25, 0.9842459559440613, 25
673, 23, 0.48482197523117065, 23
675, 17, 0.502810537815094, 17
678, 7, 0.49704667925834656, 7
68, 11, 0.9617034196853638, 11
680, 6, 0.754817545413971, 6
683, 25, 0.8027702569961548, 25
684, 24, 0.7131584882736206, 24
685, 5, 0.5527644157409668, 5
687, 26, 0.5441246628761292, 26
691, 23, 0.6205408573150635, 23
693, 9, 0.7945665121078491, 9
697, 14, 0.39754995703697205, 14
7, 8, 0.2714380621910095, 8
70, 8, 0.9612789154052734, 8
701, 27, 0.9885683059692383, 27
702, 11, 0.9919556379318237, 11
705, 12, 0.3600749969482422, 12
71, 1, 0.8036242723464966, 1
710, 13, 0.9979816675186157, 13
711, 4, 0.7946211695671082, 4
712, 29, 0.5584874749183655, 29
713, 16, 0.703883171081543, 16
714, 2, 0.9019291996955872, 2
715, 2, 0.314683735370636, 2
718, 27, 0.6093955039978027, 27
719, 27, 0.9447123408317566, 27
72, 14, 0.3485103249549866, 14
720, 27, 0.9301613569259644, 27
722, 11, 0.6465432047843933, 11
725, 15, 0.738234281539917, 15
727, 2, 0.5878528356552124, 2
729, 20, 0.9560243487358093, 20
73, 5, 0.9753138422966003, 5
733, 27, 0.9972831010818481, 27
734, 13, 0.9990406632423401, 13
735, 22, 0.5619969367980957, 22
737, 19, 0.8532171249389648, 19
738, 2, 0.9687285423278809, 2
740, 27, 0.8676756024360657, 27
741, 6, 0.857826292514801, 6
746, 29, 0.7027974128723145, 29
747, 8, 0.8742966651916504, 8
748, 26, 0.37539970874786377, 26
750, 25, 0.9210634827613831, 25
751, 17, 0.9345803260803223, 17
753, 16, 0.9873611927032471, 16
754, 23, 0.5204091668128967, 23
755, 13, 0.64451003074646, 13
759, 23, 0.7255558371543884, 23
76, 13, 0.9984357953071594, 13
762, 22, 0.9998574256896973, 22
764, 19, 0.998598039150238, 19
769, 9, 0.6608377695083618, 9
770, 11, 0.7019723653793335, 11
771, 26, 0.9542600512504578, 26
772, 9, 0.5086321830749512, 9
775, 24, 0.23000586032867432, 24
776, 20, 0.4107968211174011, 20
778, 14, 0.9993732571601868, 14
78, 4, 0.9996873140335083, 4
780, 5, 0.9910504817962646, 5
782, 26, 0.6685907244682312, 26
783, 1, 0.5658906698226929, 1
785, 3, 0.9087817668914795, 3
786, 1, 0.3123243749141693, 1
787, 16, 0.6857829093933105, 16
790, 27, 0.9499936103820801, 27
793, 5, 0.9217668175697327, 5
794, 14, 0.9983301758766174, 14
796, 21, 0.6485795378684998, 21
797, 14, 0.990802526473999, 14
8, 2, 0.3588089644908905, 2
802, 22, 0.5537773966789246, 22
804, 4, 0.9455416202545166, 4
806, 11, 0.999612033367157, 11
807, 3, 0.7826830148696899, 3
808, 11, 0.8464362621307373, 11
811, 28, 0.7916719913482666, 28
812, 11, 0.9733594059944153, 11
814, 7, 0.7119985222816467, 7
819, 19, 0.40005308389663696, 19
82, 20, 0.7786803245544434, 20
820, 8, 0.6888007521629333, 8
821, 19, 0.9548619985580444, 19
825, 13, 0.9999970197677612, 13
827, 12, 0.4711962640285492, 12
828, 7, 0.6792978644371033, 7
829, 15, 0.9751705527305603, 15
831, 4, 0.9979390501976013, 4
832, 27, 0.6981164813041687, 27
834, 22, 0.9963893890380859, 22
837, 29, 0.38492128252983093, 29
839, 17, 0.781374990940094, 17
840, 26, 0.3288545608520508, 26
842, 24, 0.609770655632019, 24
843, 9, 0.9999980926513672, 9
844, 20, 0.8805704116821289, 20
845, 29, 0.46400195360183716, 29
847, 15, 0.9131351113319397, 15
850, 21, 0.9474068880081177, 21
851, 16, 0.9287685751914978, 16
853, 29, 0.43507590889930725, 29
854, 17, 0.5979737043380737, 17
857, 27, 0.7266114354133606, 27
86, 29, 0.6442751288414001, 29
860, 26, 0.7136437892913818, 26
861, 8, 0.5643364787101746, 8
864, 27, 0.587583601474762, 27
865, 22, 0.9930667877197266, 22
866, 20, 0.5866230130195618, 20
869, 11, 0.9975367784500122, 11
87, 19, 0.6436561346054077, 19
871, 2, 0.5162566304206848, 2
873, 6, 0.48513147234916687, 6
878, 9, 0.9297298789024353, 9
879, 20, 0.5528634190559387, 20
88, 29, 0.9999561309814453, 29
880, 5, 0.7286694645881653, 5
881, 29, 0.9994851350784302, 29
883, 11, 0.9418420791625977, 11
884, 5, 0.8030833005905151, 5
886, 22, 0.5642188191413879, 22
890, 20, 0.826654314994812, 20
892, 13, 0.9989410042762756, 13
893, 26, 0.40973180532455444, 26
896, 11, 0.4043617844581604, 11
898, 5, 0.580702006816864, 5
90, 2, 0.9731455445289612, 2
900, 17, 0.9916718602180481, 17
901, 11, 0.635326623916626, 11
902, 26, 0.20787334442138672, 26
904, 21, 0.9636871218681335, 21
905, 8, 0.9195315837860107, 8
906, 19, 0.9969311952590942, 19
907, 22, 0.5297192335128784, 22
908, 19, 0.9690999984741211, 19
91, 23, 0.3505939543247223, 23
910, 19, 0.49959954619407654, 19
911, 19, 0.29281607270240784, 19
916, 25, 0.22880956530570984, 25
917, 1, 0.8954246640205383, 1
918, 23, 0.8628371357917786, 23
919, 11, 0.727168619632721, 11
922, 16, 0.45201635360717773, 16
924, 12, 0.43777114152908325, 12
926, 25, 0.6674283742904663, 25
930, 5, 0.26120153069496155, 5
931, 13, 0.695655345916748, 13
932, 5, 0.7107466459274292, 5
933, 29, 0.8356446623802185, 29
936, 26, 0.8408459424972534, 26
937, 27, 0.9930907487869263, 27
938, 2, 0.275974839925766, 2
939, 7, 0.9965444207191467, 7
940, 9, 0.9978616833686829, 9
943, 17, 0.4317007064819336, 17
947, 21, 0.6310293674468994, 21
948, 3, 0.3454665243625641, 3
949, 14, 0.9999557733535767, 14
95, 24, 0.9998612403869629, 24
950, 15, 0.34265050292015076, 15
954, 11, 0.6952491402626038, 11
955, 16, 0.9694448113441467, 16
958, 12, 0.36125028133392334, 12
959, 17, 0.2548951208591461, 17
960, 25, 0.63070148229599, 25
962, 19, 0.5712732672691345, 19
964, 14, 0.7531055212020874, 14
966, 25, 0.5700622797012329, 25
969, 11, 0.9799267649650574, 11
97, 2, 0.5522189140319824, 2
973, 2, 0.5984436869621277, 2
974, 21, 0.38418343663215637, 21
975, 13, 0.4449939727783203, 13
977, 11, 0.9376709461212158, 11
978, 27, 0.999987006187439, 27
979, 29, 0.9445424675941467, 29
98, 19, 0.6721091866493225, 19
981, 7, 0.5788977146148682, 7
983, 19, 0.9901162981987, 19
985, 10, 0.7435435652732849, 10
988, 17, 0.5552307963371277, 17
989, 18, 0.9592650532722473, 18
990, 25, 0.8243959546089172, 25
996, 17, 0.4182485044002533, 17
999, 6, 0.9256817102432251, 6
